squad_id,team,matches,shots,goals,xg,xg_per_match,goals_minus_xg
378,Ajax Amsterdam,7,165,20,20.843,2.978,-0.843
229,PSV Eindhoven,6,131,21,18.581,3.097,2.419
405,Feyenoord Rotterdam,6,130,19,15.111,2.519,3.889
810,FC Twente Enschede,6,126,11,15.095,2.516,-4.095
390,AZ Alkmaar,6,117,17,15.032,2.505,1.968
803,FC Groningen,7,103,14,11.986,1.712,2.014
805,Sparta Rotterdam,6,81,10,11.907,1.984,-1.907
814,NEC Nijmegen,6,87,11,11.136,1.856,-0.136
807,Go Ahead Eagles Deventer,6,85,15,11.081,1.847,3.919
812,FC Utrecht,6,69,11,9.77,1.628,1.23
2678,SC Cambuur Leeuwarden,6,67,9,9.069,1.511,-0.069
2685,SC Telstar,6,54,5,9.011,1.502,-4.011
815,Excelsior Rotterdam,7,76,15,8.974,1.282,6.026
813,SC Heerenveen,6,89,7,8.869,1.478,-1.869
804,Willem II Tilburg,6,63,6,8.093,1.349,-2.093
806,PEC Zwolle,7,69,6,7.039,1.006,-1.039
1697,Fortuna Sittard,6,53,12,5.44,0.907,6.56
809,ADO Den Haag,6,59,6,4.202,0.7,1.798
