player_id,player_name,shots,goals,xg,npxg,xg_per_shot,goals_minus_xg
9198,Wout Weghorst,20,3,4.472,2.952,0.224,-1.472
107074,Mexx Meerdink,20,2,4.157,4.157,0.208,-2.157
51235,Ricardo Pepi,18,3,3.832,3.072,0.213,-0.832
7826,Kasper Dolberg,17,2,3.67,3.67,0.216,-1.67
26233,Tjaronn Chery,18,3,3.653,2.133,0.203,-0.653
115309,Oscar Gloukh,25,1,3.652,3.652,0.146,-2.652
55310,Ayase Ueda,17,3,3.65,2.89,0.215,-0.65
78516,Milan Zonneveld,15,4,3.391,3.391,0.226,0.609
153643,Thom van Bergen,27,4,3.282,3.282,0.122,0.718
152887,Artem Stepanov,8,5,3.266,2.506,0.408,1.734
78932,Victor Edvardsen,15,3,2.833,2.833,0.189,0.167
13477,Brynjólfur Andersen Willumsson,16,4,2.567,2.567,0.16,1.433
67656,Tolu Arokodare,17,3,2.514,2.514,0.148,0.486
52425,Sven Mijnans,14,4,2.451,1.691,0.175,1.549
75646,Koen Kostons,11,3,2.434,0.914,0.221,0.566
173114,Gjivai Zechiël,17,5,2.425,2.425,0.143,2.575
120138,Rafik El Arguioui,15,4,2.339,2.339,0.156,1.661
38481,Jizz Hornkamp,6,2,2.277,2.277,0.379,-0.277
78666,Devin Haen,17,3,2.246,2.246,0.132,0.754
103164,Ilyes Hamache,9,3,1.984,1.984,0.22,1.016
9476,Guus Til,13,2,1.968,1.968,0.151,0.032
176043,David Garden,9,3,1.899,1.899,0.211,1.101
13282,Stefán Ingi Sigurdarson,13,2,1.884,1.884,0.145,0.116
132060,Nökkvi Thórisson,11,1,1.777,1.777,0.162,-0.777
117694,Ruben van Bommel,12,2,1.758,1.758,0.147,0.242
2254,Steven Berghuis,16,1,1.74,1.74,0.109,-0.74
8329,Kaj Sierhuis,10,2,1.67,1.67,0.167,0.33
824,Julian Brandt,13,4,1.669,1.669,0.128,2.331
3022,Davy Klaassen,9,3,1.654,1.654,0.184,1.346
104384,Nacho Ferri,9,3,1.645,1.645,0.183,1.355
51463,Søren Tengstedt,16,5,1.587,1.587,0.099,3.413
55713,Maxence Rivera,15,1,1.569,1.569,0.105,-0.569
232265,David van der Werff,17,2,1.53,1.53,0.09,0.47
219430,Marvin Young,5,2,1.529,1.529,0.306,0.471
21476,Dylan Vente,13,0,1.523,1.523,0.117,-1.523
75730,Ronald Koeman Jr.,2,2,1.52,0.0,0.76,0.48
131,Ivan Perisic,13,2,1.516,1.516,0.117,0.484
2354,Mathis Suray,10,2,1.511,1.511,0.151,0.489
27589,Sergiño Dest,8,2,1.501,1.501,0.188,0.499
180676,Sondre Ørjasæter,13,1,1.499,1.499,0.115,-0.499
148340,Aymen Sliti,14,3,1.498,1.498,0.107,1.502
105695,Ángel Alarcón,13,0,1.484,1.484,0.114,-1.484
205785,Uriël van Aalst,9,1,1.443,1.443,0.16,-0.443
80092,Tika de Jonge,11,0,1.388,1.388,0.126,-1.388
80091,Luciano Valente,12,3,1.387,1.387,0.116,1.613
7410,Dani de Wit,9,2,1.382,1.382,0.154,0.618
21579,Calvin Stengs,7,1,1.338,1.338,0.191,-0.338
117718,Younes Taha,13,1,1.338,1.338,0.103,-0.338
107186,Ro-Zangelo Daal,14,4,1.276,1.276,0.091,2.724
122442,Soufiane Hetli,5,0,1.266,1.266,0.253,-1.266
115681,Weslley Patati,13,1,1.247,1.247,0.096,-0.247
107446,Lewis Schouten,7,1,1.203,1.203,0.172,-0.203
271611,Abdelnour Soualhia,4,1,1.202,1.202,0.301,-0.202
127936,Erik Flataker,6,1,1.198,1.198,0.2,-0.198
117649,Rui Mendes,8,1,1.191,1.191,0.149,-0.191
170920,Anis Hadj Moussa,17,3,1.186,1.186,0.07,1.814
87191,Jacob Trenskow,16,2,1.179,1.179,0.074,0.821
10,Marko Pjaca,8,2,1.175,1.175,0.147,0.825
200613,Abdellah Ouazane,15,1,1.13,1.13,0.075,-0.13
240616,Gaoussou Diarra,17,0,1.126,1.126,0.066,-1.126
63273,Casper Terho,8,0,1.126,1.126,0.141,-1.126
147363,Kodai Sano,8,1,1.116,1.116,0.139,-0.116
67811,Ole Romeny,8,1,1.093,1.093,0.137,-0.093
188283,Noah Fernandez,8,1,1.09,1.09,0.136,-0.09
106067,Daouda Weidmann,13,1,1.075,1.075,0.083,-0.075
96062,Lequincio Zeefuik,7,3,1.075,1.075,0.154,1.925
187524,Adam Tahaui,6,2,1.063,1.063,0.177,0.937
114492,Adrian Blake,10,2,1.015,1.015,0.101,0.985
114747,Jaden Slory,10,0,0.991,0.991,0.099,-0.991
68375,Daan Rots,11,1,0.99,0.99,0.09,0.01
96053,Marvin Peersman,5,0,0.963,0.963,0.193,-0.963
21364,Robin Pröpper,5,1,0.959,0.959,0.192,0.041
31708,Mohamed Ihattaren,12,3,0.928,0.928,0.077,2.072
158346,Irakli Yegoian,14,2,0.875,0.875,0.063,1.125
178483,Sami Bouhoudane,7,0,0.863,0.863,0.123,-0.863
74072,Tobias Sommer,8,0,0.863,0.863,0.108,-0.863
49175,Dylan Mbayo,10,0,0.859,0.859,0.086,-0.859
45037,Thomas van den Belt,5,0,0.843,0.843,0.169,-0.843
38874,Thomas Verheydt,3,1,0.839,0.839,0.28,0.161
66587,Marcos Leonardo,3,1,0.819,0.819,0.273,0.181
21446,Bryan Linssen,5,1,0.805,0.805,0.161,0.195
159850,Shaqueel van Persie,5,0,0.801,0.801,0.16,-0.801
30263,Nicolas Binder,4,1,0.797,0.797,0.199,0.203
179913,Jorthy Mokio,8,1,0.782,0.782,0.098,0.218
183838,Nesto Groen,4,1,0.774,0.774,0.194,0.226
117623,Givairo Read,7,0,0.758,0.758,0.108,-0.758
104206,Paul Wanner,7,0,0.756,0.756,0.108,-0.756
75836,Nathan Tjoe-A-On,6,0,0.734,0.734,0.122,-0.734
132881,Yannick Eduardo,4,2,0.726,0.726,0.181,1.274
107188,Dave Kwakman,14,1,0.716,0.716,0.051,0.284
53618,Anthony Descotte,6,2,0.712,0.712,0.119,1.288
1062,Thilo Kehrer,4,1,0.707,0.707,0.177,0.293
176498,Iwan Henstra,8,1,0.703,0.703,0.088,0.297
103783,Lennard Hartjes,5,1,0.698,0.698,0.14,0.302
117350,Noah Naujoks,4,2,0.695,0.695,0.174,1.305
51441,Melle Meulensteen,7,1,0.679,0.679,0.097,0.321
124858,Filip Thorvaldsen,10,0,0.677,0.677,0.068,-0.677
208236,Amir Bouhamdi,7,0,0.671,0.671,0.096,-0.671
2794,Siebe Horemans,4,0,0.652,0.652,0.163,-0.652
278339,Robin van Cruijsen,5,1,0.641,0.641,0.128,0.359
52532,Luca Oyen,4,1,0.626,0.626,0.156,0.374
21399,Mitchell van Bergen,10,0,0.623,0.623,0.062,-0.623
178790,Wouter Prins,5,0,0.611,0.611,0.122,-0.611
114808,Noé Lebreton,5,1,0.603,0.603,0.121,0.397
181864,Nick Verschuren,5,1,0.597,0.597,0.119,0.403
6757,Bruno Martins Indi,3,0,0.593,0.593,0.198,-0.593
30380,Evan Rottier,4,1,0.586,0.586,0.147,0.414
26669,Devid Eugene Bouah,4,0,0.585,0.585,0.146,-0.585
9237,Dennis Man,4,0,0.576,0.576,0.144,-0.576
4953,Dusan Tadic,4,0,0.573,0.573,0.143,-0.573
127162,Ágúst Orri Thorsteinsson,4,0,0.57,0.57,0.142,-0.57
45050,Sem Steijn,7,0,0.565,0.565,0.081,-0.565
160126,Oliver Braude,6,1,0.561,0.561,0.093,0.439
132312,Kees Smit,6,0,0.535,0.535,0.089,-0.535
75827,Youri Baas,6,1,0.531,0.531,0.089,0.469
118687,Patrick Brouwer,3,1,0.53,0.53,0.177,0.47
159849,Jesse Bal,4,1,0.529,0.529,0.132,0.471
187641,Ayoni Santos,7,0,0.529,0.529,0.076,-0.529
75725,Ringo Meerveld,7,1,0.527,0.527,0.075,0.473
108235,Gyan de Regt,3,0,0.525,0.525,0.175,-0.525
74041,Vasilios Zagaritis,4,0,0.523,0.523,0.131,-0.523
187107,Nils Eggens,3,1,0.522,0.522,0.174,0.478
44665,Alessandro Ciranni,1,1,0.518,0.518,0.518,0.482
53359,Shunsuke Mito,5,0,0.516,0.516,0.103,-0.516
68992,Yoann Cathline,5,0,0.501,0.501,0.1,-0.501
182586,Kasper Boogaard,3,0,0.491,0.491,0.164,-0.491
187640,Ayoub Oufkir,4,2,0.484,0.484,0.121,1.516
63318,Kristian Hlynsson,3,0,0.481,0.481,0.16,-0.481
113440,Anton Gaaei,9,0,0.48,0.48,0.053,-0.48
31616,Thijs Oosting,6,0,0.476,0.476,0.079,-0.476
178317,Clement Bischoff,6,0,0.473,0.473,0.079,-0.473
148338,Tygo Land,4,2,0.47,0.47,0.117,1.53
117830,Esmir Bajraktarević,5,1,0.469,0.469,0.094,0.531
153641,Jorg Schreuders,8,1,0.463,0.463,0.058,0.537
187697,Mateo Chávez,6,1,0.459,0.459,0.077,0.541
117736,Sami Ouaissa,3,0,0.449,0.449,0.15,-0.449
114387,Ibrahim Cissoko,7,1,0.447,0.447,0.064,0.553
143863,Nolhan Courtens,4,1,0.443,0.443,0.111,0.557
5667,Viktor Tsygankov,4,1,0.442,0.442,0.11,0.558
232548,Jelani Seedorf,4,0,0.432,0.432,0.108,-0.432
176028,Shiloh 't Zand,6,1,0.422,0.422,0.07,0.578
31701,Perr Schuurs,3,1,0.417,0.417,0.139,0.583
5748,Davy van den Berg,5,0,0.414,0.414,0.083,-0.414
69563,Peer Koopmeiners,8,1,0.413,0.413,0.052,0.587
21472,Daryl van Mieghem,7,0,0.413,0.413,0.059,-0.413
51819,Ramiz Zerrouki,8,0,0.411,0.411,0.051,-0.411
49343,Mika Mármol,5,0,0.397,0.397,0.079,-0.397
55976,Tsuyoshi Watanabe,3,0,0.396,0.396,0.132,-0.396
117585,Ryan Flamingo,5,1,0.395,0.395,0.079,0.605
75547,Edouard Michut,3,1,0.392,0.392,0.131,0.608
9246,Nick Viergever,3,1,0.382,0.382,0.127,0.618
48353,Simon Graves,4,0,0.378,0.378,0.095,-0.378
52058,Sam Kersten,3,0,0.376,0.376,0.125,-0.376
96078,Isaac Babadi,1,1,0.374,0.374,0.374,0.626
252347,Fabian Kvam,4,0,0.366,0.366,0.092,-0.366
76026,Pascal Mulder,4,0,0.361,0.361,0.09,-0.361
6759,Jordy Clasie,3,1,0.35,0.35,0.117,0.65
143864,Ismaël Baouf,1,0,0.341,0.341,0.341,-0.341
75792,Luuk Brouwers,2,0,0.34,0.34,0.17,-0.34
49079,Lucas Rosa,5,0,0.335,0.335,0.067,-0.335
120703,Gerald Alders,4,0,0.331,0.331,0.083,-0.331
13299,Willum Thór Willumsson,3,0,0.324,0.324,0.108,-0.324
75623,Rick Meissen,3,1,0.322,0.322,0.107,0.678
119641,Maas Willemsen,4,0,0.318,0.318,0.08,-0.318
4414,Roberts Uldrikis,2,0,0.309,0.309,0.154,-0.309
53745,Yassin Oukili,4,0,0.303,0.303,0.076,-0.303
234656,Gabriël Reiziger,2,0,0.301,0.301,0.151,-0.301
15606,Oskar Zawada,2,0,0.299,0.299,0.149,-0.299
199498,Lushendry Martes,3,0,0.296,0.296,0.099,-0.296
187200,Finn de Bruin,6,0,0.293,0.293,0.049,-0.293
52536,Matisse Didden,3,2,0.29,0.29,0.097,1.71
218491,Per van Loon,3,0,0.288,0.288,0.096,-0.288
38465,Nicky Souren,3,0,0.283,0.283,0.094,-0.283
188289,Dele Thomas,4,0,0.263,0.263,0.066,-0.263
38499,Joris Kramer,3,0,0.261,0.261,0.087,-0.261
45499,Simon Janssen,3,0,0.261,0.261,0.087,-0.261
53149,Julius Dirksen,4,1,0.258,0.258,0.064,0.742
21599,Jeff Hardeveld,2,0,0.253,0.253,0.127,-0.253
65795,Jalen Hawkins,4,0,0.235,0.235,0.059,-0.235
20506,Pelle Clement,2,0,0.233,0.233,0.116,-0.233
113420,Sem Valk,4,0,0.229,0.229,0.057,-0.229
27263,Arthur Zagré,3,0,0.224,0.224,0.075,-0.224
66738,Oliver Edvardsen,2,0,0.219,0.219,0.11,-0.219
15484,Elias Sørensen,3,1,0.216,0.216,0.072,0.784
235055,Jivayno Zinhagel,4,1,0.215,0.215,0.054,0.785
16364,Ryan Thomas,4,0,0.215,0.215,0.054,-0.215
119079,Skye Vink,3,0,0.214,0.214,0.071,-0.214
5807,Armando Obispo,3,0,0.21,0.21,0.07,-0.21
28777,Richonell Margaret,2,0,0.209,0.209,0.104,-0.209
197870,Lucas Vennegoor of Hesselink,3,0,0.208,0.208,0.069,-0.208
65856,Jacob Ondrejka,4,0,0.205,0.205,0.051,-0.205
319453,Ryan Metu,1,0,0.205,0.205,0.205,-0.205
2352,Nigel Thomas,8,1,0.204,0.204,0.026,0.796
104880,Emirhan Demircan,1,0,0.203,0.203,0.203,-0.203
187515,Illaijh de Ruijter,3,0,0.203,0.203,0.068,-0.203
75763,Bart van Rooij,3,0,0.201,0.201,0.067,-0.201
65866,Casper Widell,4,1,0.196,0.196,0.049,0.804
9006,Alireza Jahanbakhsh,2,0,0.192,0.192,0.096,-0.192
31047,Mathias Kjølø,1,0,0.189,0.189,0.189,-0.189
310347,Jerayno Schaken,2,1,0.186,0.186,0.093,0.814
120129,Daniel van Vianen,2,0,0.184,0.184,0.092,-0.184
2631,Tonny Vilhena,3,0,0.183,0.183,0.061,-0.183
63363,Oskar Sivertsen,1,0,0.179,0.179,0.179,-0.179
217889,Guus Offerhaus,2,0,0.175,0.175,0.088,-0.175
105120,Justin Hubner,3,0,0.173,0.173,0.058,-0.173
85081,Giovanni van Zwam,1,0,0.171,0.171,0.171,-0.171
206179,Eser Gürbüz,3,0,0.17,0.17,0.057,-0.17
159845,Othniël Raterink,2,0,0.17,0.17,0.085,-0.17
68834,Max Bruns,2,0,0.168,0.168,0.084,-0.168
43446,Mathieu Maertens,1,0,0.158,0.158,0.158,-0.158
148333,Elijah Dijkstra,3,0,0.157,0.157,0.052,-0.157
96338,Tyrone Owusu,6,0,0.157,0.157,0.026,-0.157
80089,Thijmen Blokzijl,1,0,0.156,0.156,0.156,-0.156
254754,Lanroy Machine,2,0,0.154,0.154,0.077,-0.154
19317,Jamiro Monteiro,3,0,0.154,0.154,0.051,-0.154
107462,Wouter Goes,3,0,0.153,0.153,0.051,-0.153
76243,Sekou Sylla,3,1,0.152,0.152,0.051,0.848
117729,Levi Smans,2,0,0.151,0.151,0.076,-0.151
117719,Philip Brittijn,2,1,0.149,0.149,0.075,0.851
23828,Ivo Pinto,1,0,0.147,0.147,0.147,-0.147
185085,Andrej Kostić,1,0,0.146,0.146,0.146,-0.146
34053,Mauro Júnior,4,1,0.144,0.144,0.036,0.856
42903,Troy Parrott,1,0,0.141,0.141,0.141,-0.141
111092,Nils Rossen,2,0,0.14,0.14,0.07,-0.14
66838,Olivier Aertssen,3,0,0.139,0.139,0.046,-0.139
225089,Ethan Apkakou,1,0,0.136,0.136,0.136,-0.136
106458,Almugera Kabar,1,0,0.136,0.136,0.136,-0.136
26538,Juho Kilo,3,0,0.132,0.132,0.044,-0.132
21423,Odysseus Velanas,1,0,0.132,0.132,0.132,-0.132
215281,Ruud Nijstad,3,1,0.131,0.131,0.044,0.869
44728,Charles Vanhoutte,2,0,0.13,0.13,0.065,-0.13
75581,Mike Eerdhuijzen,3,0,0.129,0.129,0.043,-0.129
2884,Lutsharel Geertruida,2,1,0.128,0.128,0.064,0.872
46397,Thibo Baeten,3,0,0.127,0.127,0.042,-0.127
2854,Joris van Overeem,1,0,0.126,0.126,0.126,-0.126
112479,Mika Godts,3,0,0.125,0.125,0.042,-0.125
21490,Owen Wijndal,1,0,0.125,0.125,0.125,-0.125
106433,Eric da Silva Moreira,1,0,0.124,0.124,0.124,-0.124
107165,Valdemar Byskov,2,0,0.124,0.124,0.062,-0.124
207068,Marcus Linday,1,0,0.117,0.117,0.117,-0.117
187461,Lucas Jetten,2,0,0.116,0.116,0.058,-0.116
31537,Darko Nejasmic,4,1,0.115,0.115,0.029,0.885
49812,Javi López,2,0,0.115,0.115,0.057,-0.115
75858,Calvin Twigt,3,0,0.115,0.115,0.038,-0.115
30177,Dirk Proper,3,0,0.107,0.107,0.036,-0.107
1335,Dennis Geiger,1,0,0.102,0.102,0.102,-0.102
75771,Julian Baas,1,0,0.099,0.099,0.099,-0.099
178764,Jordy Bawuah,2,0,0.098,0.098,0.049,-0.098
218507,Harrie Kuster,1,0,0.098,0.098,0.098,-0.098
96076,Mylian Jiménez,2,0,0.094,0.094,0.047,-0.094
456,Emre Mor,4,0,0.093,0.093,0.023,-0.093
117420,Aske Adelgaard,1,0,0.092,0.092,0.092,-0.092
8544,Bram Nuytinck,1,0,0.092,0.092,0.092,-0.092
117458,Valentin Sulzbacher,1,1,0.089,0.089,0.089,0.911
278208,Yassir Salah Rahmouni,1,0,0.086,0.086,0.086,-0.086
105989,Alwande Roaldsøy,1,0,0.082,0.082,0.082,-0.082
75584,Dean James,2,0,0.079,0.079,0.04,-0.079
219047,Milan Hokke,3,0,0.076,0.076,0.025,-0.076
19610,Hidde ter Avest,2,0,0.076,0.076,0.038,-0.076
108254,Brayann Pereira,3,0,0.07,0.07,0.023,-0.07
57263,Kevin Paredes,2,0,0.07,0.07,0.035,-0.07
52449,Youri Regeer,2,0,0.07,0.07,0.035,-0.07
45070,Sydney van Hooijdonk,2,0,0.068,0.068,0.034,-0.068
229152,Morgan Costarelli,2,0,0.067,0.067,0.034,-0.067
17294,Sofyan Amrabat,2,0,0.061,0.061,0.03,-0.061
222963,Gilles van der Wal,1,0,0.06,0.06,0.06,-0.06
187533,Aaron Bouwman,1,0,0.056,0.056,0.056,-0.056
74084,Oussama Targhalline,2,0,0.051,0.051,0.025,-0.051
4244,Caio Henrique,2,0,0.051,0.051,0.025,-0.051
115816,Tobias Storm,1,0,0.05,0.05,0.05,-0.05
159509,Krzysztof Kurowski,1,0,0.048,0.048,0.048,-0.048
105497,Marko Farji,1,0,0.046,0.046,0.046,-0.046
67258,Jasper Dahlhaus,1,0,0.046,0.046,0.046,-0.046
117625,Billy van Duijl,1,0,0.045,0.045,0.045,-0.045
177252,Jan Plug,2,0,0.044,0.044,0.022,-0.044
3789,Niklas Vesterlund,1,0,0.043,0.043,0.043,-0.043
177254,Thijs Kraaijeveld,1,0,0.042,0.042,0.042,-0.042
6256,Sam Lammers,1,0,0.04,0.04,0.04,-0.04
176031,Wiebe Kooistra,1,0,0.04,0.04,0.04,-0.04
132328,Jan Bürger,2,0,0.039,0.039,0.02,-0.039
231183,Alvin Nordin,1,0,0.039,0.039,0.039,-0.039
27277,Gonçalo Borges,1,0,0.038,0.038,0.038,-0.038
67298,Jamal Amofa,1,0,0.032,0.032,0.032,-0.032
21559,Bas Kuipers,1,0,0.03,0.03,0.03,-0.03
66670,Joel Ideho,1,0,0.027,0.027,0.027,-0.027
9470,Jens Toornstra,1,0,0.027,0.027,0.027,-0.027
107084,Nolan Martens,1,0,0.026,0.026,0.026,-0.026
45048,Evert Linthorst,1,0,0.021,0.021,0.021,-0.021
30522,Jan Zamburek,1,0,0.018,0.018,0.018,-0.018
321650,Kevin Kers,1,0,0.017,0.017,0.017,-0.017
115959,Márk Csinger,1,0,0.016,0.016,0.016,-0.016
170871,Damian van der Haar,1,0,0.015,0.015,0.015,-0.015
170847,Nick Fichtinger,1,0,0.014,0.014,0.014,-0.014
105807,Gabriel Brás,1,0,0.014,0.014,0.014,-0.014
148335,Dies Janse,1,0,0.01,0.01,0.01,-0.01
75637,Matteo Waem,1,0,0.01,0.01,0.01,-0.01
