player_id,player_name,shots,goals,xg,goals_minus_xg
9198,Wout Weghorst,5,1,1.814,-0.814
75646,Koen Kostons,7,2,1.726,0.274
26233,Tjaronn Chery,5,2,1.6,0.4
75730,Ronald Koeman Jr.,2,2,1.52,0.48
55310,Ayase Ueda,5,2,1.333,0.667
219430,Marvin Young,2,1,1.163,-0.163
3022,Davy Klaassen,5,3,1.151,1.849
107446,Lewis Schouten,6,0,1.12,-1.12
51235,Ricardo Pepi,5,1,1.091,-0.091
117694,Ruben van Bommel,4,0,1.013,-1.013
152887,Artem Stepanov,2,2,0.972,1.028
21364,Robin Pröpper,5,1,0.959,0.041
67656,Tolu Arokodare,6,0,0.825,-0.825
52425,Sven Mijnans,4,1,0.821,0.179
96053,Marvin Peersman,3,0,0.803,-0.803
122442,Soufiane Hetli,1,0,0.697,-0.697
2794,Siebe Horemans,4,0,0.652,-0.652
7826,Kasper Dolberg,2,1,0.613,0.387
26669,Devid Eugene Bouah,4,0,0.585,-0.585
6757,Bruno Martins Indi,2,0,0.573,-0.573
118687,Patrick Brouwer,3,1,0.53,0.47
160126,Oliver Braude,5,1,0.528,0.472
13282,Stefán Ingi Sigurdarson,3,2,0.523,1.477
240616,Gaoussou Diarra,5,0,0.511,-0.511
78516,Milan Zonneveld,4,1,0.478,0.522
51441,Melle Meulensteen,4,1,0.478,0.522
271611,Abdelnour Soualhia,3,0,0.46,-0.46
181864,Nick Verschuren,4,0,0.459,-0.459
38481,Jizz Hornkamp,1,1,0.435,0.565
104384,Nacho Ferri,4,2,0.435,1.565
10,Marko Pjaca,3,0,0.432,-0.432
68375,Daan Rots,4,0,0.432,-0.432
182586,Kasper Boogaard,1,0,0.414,-0.414
74041,Vasilios Zagaritis,1,0,0.413,-0.413
179913,Jorthy Mokio,3,0,0.409,-0.409
75827,Youri Baas,5,1,0.401,0.599
55976,Tsuyoshi Watanabe,3,0,0.396,-0.396
117585,Ryan Flamingo,5,1,0.395,0.605
75836,Nathan Tjoe-A-On,4,0,0.39,-0.39
21476,Dylan Vente,5,0,0.382,-0.382
78932,Victor Edvardsen,2,1,0.38,0.62
48353,Simon Graves,4,0,0.378,-0.378
132060,Nökkvi Thórisson,3,0,0.367,-0.367
76026,Pascal Mulder,4,0,0.361,-0.361
7410,Dani de Wit,3,1,0.357,0.643
143864,Ismaël Baouf,1,0,0.341,-0.341
52058,Sam Kersten,1,0,0.335,-0.335
117350,Noah Naujoks,1,1,0.332,0.668
45050,Sem Steijn,5,0,0.323,-0.323
131,Ivan Perisic,5,0,0.312,-0.312
78666,Devin Haen,5,0,0.307,-0.307
52536,Matisse Didden,3,2,0.29,1.71
232265,David van der Werff,6,0,0.284,-0.284
114808,Noé Lebreton,2,0,0.274,-0.274
1062,Thilo Kehrer,2,0,0.27,-0.27
38499,Joris Kramer,3,0,0.261,-0.261
107074,Mexx Meerdink,3,0,0.259,-0.259
176043,David Garden,1,1,0.254,0.746
183838,Nesto Groen,1,1,0.245,0.755
75792,Luuk Brouwers,1,0,0.24,-0.24
127162,Ágúst Orri Thorsteinsson,1,0,0.231,-0.231
53149,Julius Dirksen,2,1,0.22,0.78
31616,Thijs Oosting,2,0,0.218,-0.218
9476,Guus Til,2,0,0.213,-0.213
80091,Luciano Valente,1,1,0.198,0.802
105695,Ángel Alarcón,4,0,0.197,-0.197
153643,Thom van Bergen,3,0,0.188,-0.188
96062,Lequincio Zeefuik,1,0,0.183,-0.183
69563,Peer Koopmeiners,4,1,0.181,0.819
21446,Bryan Linssen,1,0,0.18,-0.18
4414,Roberts Uldrikis,1,0,0.178,-0.178
187107,Nils Eggens,1,0,0.175,-0.175
127936,Erik Flataker,1,0,0.175,-0.175
278339,Robin van Cruijsen,3,0,0.173,-0.173
85081,Giovanni van Zwam,1,0,0.171,-0.171
119641,Maas Willemsen,1,0,0.17,-0.17
68834,Max Bruns,2,0,0.168,-0.168
13477,Brynjólfur Andersen Willumsson,2,1,0.164,0.836
74072,Tobias Sommer,4,0,0.164,-0.164
2354,Mathis Suray,5,1,0.164,0.836
4953,Dusan Tadic,1,0,0.163,-0.163
159850,Shaqueel van Persie,2,0,0.162,-0.162
27589,Sergiño Dest,4,0,0.156,-0.156
80089,Thijmen Blokzijl,1,0,0.156,-0.156
106067,Daouda Weidmann,1,0,0.155,-0.155
105120,Justin Hubner,2,0,0.154,-0.154
114387,Ibrahim Cissoko,3,0,0.153,-0.153
107462,Wouter Goes,3,0,0.153,-0.153
75623,Rick Meissen,1,1,0.149,0.851
120138,Rafik El Arguioui,3,0,0.148,-0.148
23828,Ivo Pinto,1,0,0.147,-0.147
75725,Ringo Meerveld,2,1,0.143,0.857
51819,Ramiz Zerrouki,3,0,0.14,-0.14
106458,Almugera Kabar,1,0,0.136,-0.136
115309,Oscar Gloukh,3,0,0.134,-0.134
2254,Steven Berghuis,6,0,0.133,-0.133
38874,Thomas Verheydt,1,0,0.132,-0.132
117719,Philip Brittijn,1,1,0.131,0.869
65856,Jacob Ondrejka,2,0,0.129,-0.129
106433,Eric da Silva Moreira,1,0,0.124,-0.124
217889,Guus Offerhaus,1,0,0.122,-0.122
148340,Aymen Sliti,3,1,0.12,0.88
34053,Mauro Júnior,3,1,0.112,0.888
49079,Lucas Rosa,2,0,0.111,-0.111
187697,Mateo Chávez,1,0,0.109,-0.109
113420,Sem Valk,1,0,0.108,-0.108
187200,Finn de Bruin,4,0,0.103,-0.103
170920,Anis Hadj Moussa,2,0,0.099,-0.099
9246,Nick Viergever,1,0,0.098,-0.098
8329,Kaj Sierhuis,2,0,0.098,-0.098
113440,Anton Gaaei,3,0,0.094,-0.094
96338,Tyrone Owusu,4,0,0.093,-0.093
8544,Bram Nuytinck,1,0,0.092,-0.092
117718,Younes Taha,2,0,0.091,-0.091
117458,Valentin Sulzbacher,1,1,0.089,0.911
107186,Ro-Zangelo Daal,2,0,0.088,-0.088
9237,Dennis Man,2,0,0.086,-0.086
117649,Rui Mendes,1,0,0.083,-0.083
15484,Elias Sørensen,1,0,0.083,-0.083
21579,Calvin Stengs,1,0,0.083,-0.083
46397,Thibo Baeten,2,0,0.081,-0.081
2884,Lutsharel Geertruida,1,1,0.081,0.919
176028,Shiloh 't Zand,3,0,0.079,-0.079
13299,Willum Thór Willumsson,1,0,0.079,-0.079
153641,Jorg Schreuders,2,0,0.079,-0.079
31701,Perr Schuurs,1,1,0.079,0.921
111092,Nils Rossen,1,0,0.077,-0.077
16364,Ryan Thomas,1,0,0.076,-0.076
147363,Kodai Sano,1,0,0.075,-0.075
76243,Sekou Sylla,1,0,0.075,-0.075
96076,Mylian Jiménez,1,0,0.075,-0.075
66838,Olivier Aertssen,2,0,0.069,-0.069
824,Julian Brandt,2,0,0.069,-0.069
53745,Yassin Oukili,1,0,0.067,-0.067
229152,Morgan Costarelli,2,0,0.067,-0.067
173114,Gjivai Zechiël,2,0,0.067,-0.067
205785,Uriël van Aalst,2,0,0.067,-0.067
104206,Paul Wanner,2,0,0.066,-0.066
219047,Milan Hokke,2,0,0.062,-0.062
132312,Kees Smit,1,0,0.061,-0.061
115681,Weslley Patati,2,0,0.061,-0.061
75858,Calvin Twigt,2,0,0.061,-0.061
44728,Charles Vanhoutte,1,0,0.061,-0.061
148333,Elijah Dijkstra,2,0,0.059,-0.059
208236,Amir Bouhamdi,1,0,0.059,-0.059
252347,Fabian Kvam,1,0,0.058,-0.058
187533,Aaron Bouwman,1,0,0.056,-0.056
20506,Pelle Clement,1,0,0.055,-0.055
80092,Tika de Jonge,1,0,0.055,-0.055
5807,Armando Obispo,1,0,0.054,-0.054
187640,Ayoub Oufkir,1,0,0.054,-0.054
117623,Givairo Read,2,0,0.05,-0.05
112479,Mika Godts,1,0,0.047,-0.047
105497,Marko Farji,1,0,0.046,-0.046
199498,Lushendry Martes,2,0,0.046,-0.046
67258,Jasper Dahlhaus,1,0,0.046,-0.046
117625,Billy van Duijl,1,0,0.045,-0.045
178317,Clement Bischoff,2,0,0.045,-0.045
2352,Nigel Thomas,2,0,0.044,-0.044
117736,Sami Ouaissa,1,0,0.044,-0.044
3789,Niklas Vesterlund,1,0,0.043,-0.043
177254,Thijs Kraaijeveld,1,0,0.042,-0.042
148338,Tygo Land,1,1,0.042,0.958
200613,Abdellah Ouazane,2,0,0.042,-0.042
26538,Juho Kilo,1,0,0.042,-0.042
6759,Jordy Clasie,1,0,0.041,-0.041
231183,Alvin Nordin,1,0,0.039,-0.039
21472,Daryl van Mieghem,2,0,0.038,-0.038
4244,Caio Henrique,1,0,0.038,-0.038
108254,Brayann Pereira,2,0,0.038,-0.038
68992,Yoann Cathline,2,0,0.036,-0.036
75581,Mike Eerdhuijzen,1,0,0.036,-0.036
215281,Ruud Nijstad,1,0,0.034,-0.034
45070,Sydney van Hooijdonk,1,0,0.034,-0.034
2631,Tonny Vilhena,1,0,0.033,-0.033
67298,Jamal Amofa,1,0,0.032,-0.032
178764,Jordy Bawuah,1,0,0.032,-0.032
52449,Youri Regeer,1,0,0.029,-0.029
87191,Jacob Trenskow,2,0,0.027,-0.027
107188,Dave Kwakman,1,0,0.026,-0.026
197870,Lucas Vennegoor of Hesselink,1,0,0.024,-0.024
65866,Casper Widell,1,0,0.023,-0.023
124858,Filip Thorvaldsen,1,0,0.022,-0.022
114747,Jaden Slory,1,0,0.021,-0.021
45048,Evert Linthorst,1,0,0.021,-0.021
5748,Davy van den Berg,1,0,0.017,-0.017
107165,Valdemar Byskov,1,0,0.016,-0.016
115959,Márk Csinger,1,0,0.016,-0.016
178790,Wouter Prins,1,0,0.015,-0.015
170871,Damian van der Haar,1,0,0.015,-0.015
53359,Shunsuke Mito,1,0,0.015,-0.015
170847,Nick Fichtinger,1,0,0.014,-0.014
63273,Casper Terho,1,0,0.014,-0.014
132328,Jan Bürger,1,0,0.013,-0.013
180676,Sondre Ørjasæter,1,0,0.011,-0.011
49175,Dylan Mbayo,1,0,0.01,-0.01
206179,Eser Gürbüz,1,0,0.009,-0.009
65795,Jalen Hawkins,1,0,0.004,-0.004
