squad_id,team,matches,shots,goals,xg,corner_xg,free_kick_xg,throw_in_xg,penalty_xg,xg_per_match,goals_minus_xg
229,PSV Eindhoven,6,40,5,4.534,2.131,0.335,0.417,1.52,0.756,0.466
378,Ajax Amsterdam,7,45,5,4.422,3.726,0.302,0.395,0.0,0.632,0.578
2685,SC Telstar,6,19,3,4.37,0.607,1.552,0.691,1.52,0.728,-1.37
810,FC Twente Enschede,6,30,2,4.314,2.008,0.468,0.318,1.52,0.719,-2.314
405,Feyenoord Rotterdam,6,33,5,3.676,1.346,0.444,1.127,0.76,0.613,1.324
805,Sparta Rotterdam,6,22,2,3.287,2.772,0.395,0.119,0.0,0.548,-1.287
806,PEC Zwolle,7,30,2,3.053,0.588,0.383,0.562,1.52,0.436,-1.053
814,NEC Nijmegen,6,20,3,2.828,0.685,0.385,0.238,1.52,0.471,0.172
390,AZ Alkmaar,6,30,2,2.745,1.988,0.187,0.571,0.0,0.458,-0.745
812,FC Utrecht,5,22,5,2.723,1.43,0.365,0.167,0.76,0.545,2.277
807,Go Ahead Eagles Deventer,6,24,6,2.472,1.54,0.591,0.263,0.0,0.412,3.528
813,SC Heerenveen,6,20,2,2.461,2.105,0.188,0.168,0.0,0.41,-0.461
815,Excelsior Rotterdam,6,11,6,1.567,1.207,0.0,0.36,0.0,0.261,4.433
804,Willem II Tilburg,6,18,0,1.433,1.18,0.164,0.089,0.0,0.239,-1.433
803,FC Groningen,5,23,2,1.397,0.94,0.259,0.076,0.0,0.279,0.603
2678,SC Cambuur Leeuwarden,6,13,0,1.276,0.793,0.393,0.091,0.0,0.213,-1.276
1697,Fortuna Sittard,5,10,1,0.808,0.575,0.233,0.0,0.0,0.162,0.192
809,ADO Den Haag,5,18,0,0.803,0.519,0.183,0.101,0.0,0.161,-0.803
