league,strategy,n,shots,shot_rate,xg_per_gk,goals,reach_final3,lost_own3,lift_within_team,xg_against,shot_against,net_xg,med_t_shot,teams,shot_rate_adj,xg_per_gk_adj,net_xg_adj,shot_ci_lo,shot_ci_hi,share
3. Liga,"3 Short, play out",503,40,0.06759443339960239,0.01057821893803629,7,0.2922465208747515,0.12922465208747516,0.01110345420287813,0.012677690544362337,0.10536779324055666,-0.0020994716063260444,34.03405000000009,20,0.06763816624753764,0.010317725925450355,-0.002243646512742587,0.0513987254546161,0.0884177321404857,0.1506890353505093
Bundesliga,"2 Short, then long",93,12,0.12903225806451613,0.011047675116544585,2,0.2903225806451613,0.0,0.043529738597089064,0.016953505224052607,0.08602150537634409,-0.005905830107508023,24.40350000000035,18,0.1050999189370176,0.009905028470816613,-0.00494366646202825,0.08218379184651284,0.19685846280777877,0.02786099460754943
Eredivisie,"2 Short, then long",191,16,0.07853403141361257,0.010429822325883058,0,0.2670157068062827,0.005235602094240838,0.011358778736308474,0.01518697318396899,0.14136125654450263,-0.004757150858085931,16.02900000000045,18,0.07601708206120993,0.00988100252764924,-0.004445237380822665,0.052085958809248115,0.11675765356677374,0.05721989215098862
Eredivisie,"3 Short, play out",324,29,0.08333333333333333,0.009984128700608155,3,0.33024691358024694,0.12345679012345678,0.003895518376223012,0.012111900229295107,0.09567901234567901,-0.002127771528686952,22.818100000000413,18,0.08093824895146795,0.009695034555190983,-0.002334731104131897,0.06139509956758473,0.11217386047837707,0.09706411024565609
2. Bundesliga,"3 Short, play out",427,39,0.08665105386416862,0.009333927635270925,5,0.297423887587822,0.1288056206088993,0.013170342256235026,0.012756795383840855,0.1053864168618267,-0.0034228677485699296,32.222099999999955,18,0.08435377330054146,0.009186083512231992,-0.0034264954770666036,0.06677813897953969,0.11173000504753092,0.12792091072498502
Eredivisie,1 Direct long,359,23,0.052924791086350974,0.007784664647076768,2,0.22284122562674094,0.005571030640668524,-0.009558982430448957,0.011287010229167877,0.08913649025069638,-0.0035023455820911106,12.018999999998414,18,0.05508421860945989,0.007834678230302757,-0.0034951809848753814,0.03661810066701527,0.07592087349024407,0.10754943079688437
2. Bundesliga,"2 Short, then long",175,14,0.07428571428571429,0.006900951916577274,2,0.26285714285714284,0.011428571428571429,0.0008010077113670976,0.01589269142009657,0.10857142857142857,-0.008991739503519294,24.930000000000064,18,0.0726820748823987,0.007215753853605609,-0.0075774177949274575,0.047765549809169104,0.1137710384972769,0.0524266027561414
Bundesliga,1 Direct long,200,14,0.065,0.0068424054660742115,3,0.27,0.015,-0.0035081895659223117,0.008419104658936803,0.065,-0.0015766991928625918,9.316100000000006,18,0.06569341383601421,0.007140448705427452,-0.0020095331048638246,0.04173750080807574,0.09987656813733427,0.05991611743559017
3. Liga,"2 Short, then long",203,10,0.04926108374384237,0.006728021159005224,2,0.21182266009852216,0.014778325123152709,-0.015815013861444637,0.008007459675540453,0.08374384236453201,-0.0012794385165352294,20.177500000000094,20,0.053537215199101484,0.007048759944769414,-0.0017751512834552382,0.02967075436447515,0.0807101885369299,0.060814859197124024
3. Liga,1 Direct long,385,23,0.05454545454545454,0.006513646372033536,3,0.3116883116883117,0.01038961038961039,-0.006167765325128406,0.007729619073653677,0.06233766233766234,-0.0012159727016201416,17.73400000000038,20,0.0563601968480083,0.0067321110638858565,-0.0015175017052041137,0.03842942474269173,0.07687965512007285,0.11533852606351108
Bundesliga,"3 Short, play out",235,17,0.06808510638297872,0.0055130607539298215,0,0.26382978723404255,0.11914893617021277,-0.014240969261041788,0.012955564447337784,0.10638297872340426,-0.007442503693407962,42.60804999999982,18,0.06806877151648709,0.006046118126677299,-0.0066309394462472785,0.04568020823133021,0.10032376873980464,0.07040143798681846
2. Bundesliga,1 Direct long,243,10,0.0411522633744856,0.004322111388809465,1,0.3292181069958848,0.012345679012345678,-0.023719804497537432,0.009407976559605869,0.06995884773662552,-0.005085865170796403,15.354550000000927,18,0.04646959603090327,0.0050769261969537795,-0.004762389456091096,0.02475557871224479,0.06765576936112867,0.07279808268424207
