setup,opp_formation,n,shots,shot_rate,xg_per_gk,goals,reach_final3,lost_own3,lift_within_team,xg_against,shot_against,net_xg,med_t_shot,teams,shot_rate_adj,xg_per_gk_adj,net_xg_adj,shot_ci_lo,shot_ci_hi,share
CB short in box → GK,5-4-1 (flat),55,9,0.14545454545454545,0.01832920088155809,1,0.36363636363636365,0.07272727272727272,0.06488275046009477,0.015031327765848491,0.14545454545454545,0.0032978731157095992,22.48200000000007,14,0.10504597910751036,0.013009927118973828,-0.00022396302024389687,0.08394497541530663,0.24021571664414468,0.0164769322947873
CB short in box → GK,4-4-2 (flat),160,18,0.10625,0.01368177874875067,5,0.26875,0.1,0.04496204630340979,0.015862769360316043,0.11875,-0.002180990611565373,20.73400000000038,34,0.09581948907892587,0.012168728045438192,-0.0025277148479206164,0.07252187104317934,0.15307533717329574,0.04793289394847214
GK short outside box → FB,4-2-3-1,59,7,0.1016949152542373,0.01477547563696127,0,0.4067796610169492,0.13559322033898305,0.011457855564975387,0.009167161306025138,0.06779661016949153,0.005608314330936132,18.41505000000052,31,0.08470829913751,0.011426795233420254,0.0010399308977576108,0.053501878735908975,0.1848220936800747,0.017675254643499103
GK long → opp half (centre),4-2-3-1,139,9,0.05755395683453238,0.011647319821442799,2,0.2589928057553957,0.02877697841726619,-0.008033281189122094,0.01085637056457322,0.1079136690647482,0.0007909492568695788,13.333550000000287,45,0.06070496280082257,0.01058800515264746,-0.0004884262411417318,0.03272856276498695,0.09927729231421664,0.04164170161773517
GK long → opp half (left),4-4-2 (flat),64,7,0.09375,0.011201670971347593,1,0.40625,0.0,0.03837366163430333,0.0069807056035736115,0.0625,0.0042209653677739815,22.1949999999988,25,0.08129264191422332,0.009717278325504364,0.0005080888293988608,0.049253429704632534,0.17120679109251435,0.019173157579388856
GK short in box → CB,4-2-3-1,150,12,0.08,0.010343790193876202,0,0.26666666666666666,0.12,0.013960615063302689,0.00843235959420047,0.11333333333333333,0.001911430599675732,35.17149999999947,53,0.07657279808268425,0.009712400472751074,0.00037893248218706524,0.05056957694988789,0.12431563141042401,0.04493708807669263
CB short in box → GK,5-2-2-1,122,8,0.06557377049180328,0.009592551590188554,1,0.23770491803278687,0.06557377049180328,-0.01323609866863968,0.007894521086183848,0.08196721311475409,0.0016980305040047038,29.197100000000034,37,0.06637520657892138,0.009111686067029114,1.1512525548228104e-07,0.037338057989412754,0.11266291429721095,0.03654883163571001
GK short outside box → CB,5-2-2-1,38,3,0.07894736842105263,0.010149318670835928,1,0.2894736842105263,0.07894736842105263,0.0014702363489743234,0.008813761497254524,0.10526315789473684,0.0013355571735814056,70.14609999999993,27,0.07224783262616011,0.008915404894776126,-0.0015957917968977824,0.031988899868215875,0.18188668734522487,0.011384062312762133
GK short outside box → CB,4-4-2 (flat),26,4,0.11538461538461539,0.009991907271430801,0,0.46153846153846156,0.038461538461538464,0.06171006757767746,0.0385745302250987,0.19230769230769232,-0.028582622953667893,38.77310000000034,19,0.08232892555074059,0.00869564138666856,-0.01104984843590048,0.04706365153283344,0.2562184991654956,0.007789095266626723
CB short in box → GK,4-2-3-1,357,31,0.07563025210084033,0.008370560243840931,0,0.23249299719887956,0.0784313725490196,0.002108758063349319,0.016768897982617145,0.11764705882352941,-0.008398337738776214,30.95100000000093,60,0.07453306378264672,0.008336512175653494,-0.007686679475863753,0.05566849471817999,0.10197697424498235,0.10695026962252846
GK short in box → CB,5-2-2-1,40,4,0.075,0.00860429173986622,0,0.275,0.2,0.007630009431554065,0.0069281732165177,0.075,0.0016761185233485215,14.728000000000064,24,0.07080287597363691,0.008322072397909441,-0.0014009402775813523,0.030367932553756916,0.17349147604257112,0.011983223487118035
GK long → opp half (left),4-3-3,59,5,0.06779661016949153,0.008511771104969973,1,0.3728813559322034,0.0,0.0052973056171907425,0.0036369728387361457,0.01694915254237288,0.004874798266233828,34.409000000000106,27,0.06790157644843438,0.008321261053693477,0.0006762548656783174,0.030796766787136234,0.14270371391956949,0.017675254643499103
GK long → opp half (centre),4-3-3,76,7,0.07894736842105263,0.008367805652281094,2,0.3026315789473684,0.0,0.008433133441195964,0.011028393003418999,0.09210526315789473,-0.0026605873511379046,8.110499999999774,29,0.07411976174532126,0.008264623527718076,-0.003009877995430565,0.04136993897341059,0.14547757365348168,0.022768124625524265
GK long → opp half (centre),5-4-1 (flat),25,2,0.08,0.008225085862145822,0,0.12,0.0,0.020434576701493998,0.0,0.0,0.008225085862145822,10.7971,13,0.07153279526310224,0.00816073784411695,-1.7783789863888646e-05,0.026834119567502854,0.2152079994300798,0.007489514679448772
GK long → opp half (centre),5-2-2-1,68,2,0.029411764705882353,0.008155202077537746,1,0.23529411764705882,0.0,-0.027570066695008555,0.00934368100633401,0.07352941176470588,-0.0011884789287962632,22.60609999999997,33,0.04750224685440384,0.008145228995850485,-0.0022496510613298592,0.009780286130908943,0.08506347011192891,0.02037147992810066
GK long → opp half (right),4-4-2 (flat),52,3,0.057692307692307696,0.007428396890714051,1,0.3076923076923077,0.0,-0.014760900059795846,0.012475584627092695,0.07692307692307693,-0.005047187736378644,13.618999999999687,22,0.0632168535478901,0.007806359004584159,-0.004192790455212193,0.0232879647708734,0.13585401273526054,0.015578190533253445
CB short in box → GK,4-4-2 (diamond),50,6,0.12,0.006611734204529709,1,0.22,0.08,0.04979728557280096,0.010397765266422141,0.08,-0.003786031061892432,27.522500000000036,12,0.09163897815785174,0.007442020731116188,-0.0036040029253336155,0.06333683770001948,0.21568297075641413,0.014979029358897543
CB short in box → GK,5-3-2,46,2,0.043478260869565216,0.0062439527302594,1,0.2391304347826087,0.043478260869565216,-0.02191896134179308,0.025924885959081944,0.15217391304347827,-0.019680933228822542,45.36905000000036,14,0.05736120374871407,0.007313749016870072,-0.010494921671867104,0.014492368794833059,0.12319131612915732,0.01378070701018574
CB short in box → GK,5-2-1-2,50,3,0.06,0.006041311326610304,0,0.32,0.1,-0.01012190807395396,0.008408899848261448,0.08,-0.002367588521651145,13.06110000000001,14,0.06436625088512446,0.007182737604789186,-0.0029592563161330303,0.024229406253023687,0.1409514245912678,0.014979029358897543
GK long → opp half (left),5-2-2-1,70,4,0.05714285714285714,0.0059731104484141125,0,0.3,0.02857142857142857,0.0015834111117125206,0.005015920319259748,0.05714285714285714,0.0009571901291543648,11.515050000000087,28,0.06215605844125916,0.006970410012194486,-0.0010779650742405427,0.025908258771698126,0.12134260523854036,0.020970641102456562
CB short in box → GK,4-3-3,187,10,0.053475935828877004,0.006447571173179543,3,0.22994652406417113,0.09090909090909091,-0.021927734468766794,0.014044085931514749,0.12299465240641712,-0.007596514758335207,36.612549999999985,42,0.05700521294479227,0.006857212063080444,-0.006589826026318865,0.032230539278493675,0.08746004514021416,0.056021569802276815
GK short outside box → FB,4-3-3,26,1,0.038461538461538464,0.002802082438212702,1,0.19230769230769232,0.11538461538461539,-0.04202528872434903,0.03589905065795832,0.15384615384615385,-0.03309696821974562,9.72309999999925,20,0.059073111597252224,0.006521973413835179,-0.01241465049308677,0.008626788730644083,0.15531179210735074,0.007789095266626723
GK short outside box → CB,4-2-3-1,59,5,0.0847457627118644,0.004848511334059156,0,0.3050847457627119,0.0847457627118644,0.00802907628457505,0.008727392222020939,0.0847457627118644,-0.003878880887961782,16.957099999999855,32,0.07630493779297219,0.006505023016015004,-0.003663804546906061,0.04185729206719548,0.16405493449414918,0.017675254643499103
GK short in box → CB,4-3-3,70,4,0.05714285714285714,0.004547312306409142,0,0.21428571428571427,0.11428571428571428,-0.009698697171952502,0.015130051825867387,0.15714285714285714,-0.010582739519458243,28.86954999999944,30,0.06215605844125916,0.006202672551114887,-0.007291773346570409,0.025908258771698126,0.12134260523854036,0.020970641102456562
GK short outside box → CB,4-3-3,31,2,0.06451612903225806,0.002105974516928829,1,0.3225806451612903,0.06451612903225806,0.006398839781377672,0.001082379120141247,0.03225806451612903,0.0010235953967875821,17.821600000000444,21,0.06681634722377683,0.00608044813429768,-0.0019275528724358357,0.02158247811767046,0.17737379157001892,0.009286998202516477
GK short in box → CB,4-4-2 (flat),43,1,0.023255813953488372,0.00298978337680556,0,0.27906976744186046,0.09302325581395349,-0.026446707542555625,0.01429432609643995,0.09302325581395349,-0.01130454271963439,12.298999999999978,22,0.04932318055692904,0.005986371411640139,-0.006730428210061698,0.005204816227750063,0.09775808636550762,0.012881965248651888
GK long → opp half (centre),4-4-2 (flat),57,2,0.03508771929824561,0.0034624128978059635,0,0.22807017543859648,0.0,-0.026055847025927666,0.0014985432807521743,0.017543859649122806,0.001963869617053789,12.432099999999991,29,0.051968270062937534,0.005858060729668677,-0.0008136598335043599,0.011678927923817528,0.10063846383019726,0.0170760934691432
GK long → opp half (left),4-2-3-1,145,9,0.05517241379310345,0.004406902736266858,0,0.2482758620689655,0.013793103448275862,-0.011178893279846044,0.008236900310969337,0.06206896551724138,-0.0038299975747024787,14.537049999999908,50,0.05892823218226191,0.005497738863195072,-0.0037194556927996852,0.03136209684402178,0.09528151840457758,0.043439185140802875
GK long → opp half (right),4-3-3,61,1,0.01639344262295082,0.002845149188508932,0,0.32786885245901637,0.0,-0.04557239430498266,0.009481645145920422,0.08196721311475409,-0.0066364959574114896,18.04199999999946,22,0.04198584791209662,0.005467683228887108,-0.005057562166067579,0.0036653714664236156,0.07020558500904317,0.018274415817855005
GK long → opp half (right),4-2-3-1,152,7,0.046052631578947366,0.0038137614091023385,0,0.23684210526315788,0.02631578947368421,-0.02448142694853185,0.012897267345104008,0.09210526315789473,-0.009083505936001669,14.162099999999556,44,0.05226550753473439,0.00503644954896156,-0.0074897720328506116,0.025157501161550036,0.08282811219772279,0.04553624925104853
GK long → opp half (right),5-2-2-1,46,0,0.0,0.0,0,0.2608695652173913,0.0,-0.042786989401685994,0.014733545432612289,0.06521739130434782,-0.014733545432612289,,23,0.03849327922041218,0.004604109152795238,-0.008347942062190956,0.0,0.05555832158341806,0.01378070701018574
