path3,n,shots,shot_rate,xg_per_gk,goals,reach_final3,lost_own3,lift_within_team,xg_against,shot_against,net_xg,med_t_shot,teams,shot_rate_adj,xg_per_gk_adj,net_xg_adj,shot_ci_lo,shot_ci_hi,share
CB-GK-DM | build via centre,62,8,0.11290322580645161,0.024220949218593628,3,0.3064516129032258,0.16129032258064516,0.046378783702477194,0.01405413465316561,0.08064516129032258,0.010166814565428018,27.278099999999995,36,0.09082202948658763,0.016309298538927052,0.003468883068561156,0.0623787250298308,0.19580472852028294,0.018573996405032954
GK-CB-LB | build via left,62,3,0.04838709677419355,0.016170299580927895,1,0.3548387096774194,0.11290322580645161,-0.016315988353919023,0.004436801891967438,0.11290322580645161,0.011733497688960457,27.251099999999497,45,0.058035144240685996,0.012217984788637908,0.004265066295274363,0.019499719988857404,0.1150476424862753,0.018573996405032954
CB-GK-CF | then long by GK (centre),49,7,0.14285714285714285,0.015102109077546952,1,0.3877551020408163,0.0,0.0687612097570849,0.0012187073726731058,0.02040816326530612,0.013883401704873847,16.02900000000045,33,0.10165401465471276,0.011266412064184366,0.004340806558226994,0.07934292941200265,0.24375336352484556,0.014679448771719592
CB-GK-CB | build via left,112,12,0.09821428571428571,0.012083424271525265,2,0.2767857142857143,0.09821428571428571,0.027494642017016548,0.016903487165670535,0.09821428571428571,-0.0048200628941452725,30.95100000000093,47,0.08767609068234704,0.010705692375622819,-0.004342940772304341,0.0610103388985427,0.1543752522245042,0.033553025763930495
CB-GK-CB | build via right,105,11,0.08571428571428572,0.010918335840686194,3,0.2571428571428571,0.13333333333333333,0.016662787728976024,0.011197180017239674,0.08571428571428572,-0.0002788441765534801,34.12710000000004,49,0.07927447028705267,0.00990582323314149,-0.0014328327710920697,0.05054597475332343,0.14169977008778456,0.03145596165368484
CB-GK | then long by GK (left),34,2,0.058823529411764705,0.008131948827355658,1,0.08823529411764706,0.0,-0.017664319165664674,0.0,0.0,0.008131948827355658,23.13454999999999,27,0.06468391061025204,0.008133210960919018,0.0007377392706171944,0.019658871054132873,0.16303661286165477,0.01018573996405033
GK-CB-CB | build via left,30,2,0.06666666666666667,0.005111910529231974,0,0.36666666666666664,0.13333333333333333,0.007473326663914186,0.007900034421206828,0.1,-0.0027881238919748546,19.941599999999486,20,0.06755875108181879,0.007126587623036161,-0.003230916505014686,0.02231016866168721,0.18272926979040227,0.008987417615338526
CB-GK-CB | then long by CB (left),34,1,0.029411764705882353,0.00448634438716841,0,0.29411764705882354,0.0,-0.04022026182098867,0.008833794919218511,0.08823529411764706,-0.004347450532050101,21.613,22,0.05404561273791161,0.006814588078298097,-0.0037760860295933995,0.006588373606571871,0.1216201425702683,0.01018573996405033
CB-GK | then long by GK (right),40,1,0.025,0.0022523684038636194,0,0.15,0.0,-0.0406176666346632,0.01264222867926077,0.075,-0.01038986027539715,26.761099999999715,23,0.05080287597363691,0.005781303063508401,-0.00622733179707962,0.005596575325797326,0.10459923428186342,0.011983223487118035
"CB | build, lost in box",36,1,0.027777777777777776,0.0013367277960635551,0,0.3333333333333333,0.027777777777777776,-0.03443152982518508,0.0106159393858961,0.05555555555555555,-0.009279211589832545,47.46199999999999,25,0.05291966247253845,0.005584976779735243,-0.00563739985339633,0.006220893944042745,0.11536289049261794,0.01078490113840623
GK | build via left,42,1,0.023809523809523808,0.0017142269381722791,0,0.11904761904761904,0.19047619047619047,-0.04630137871827965,0.014573894956173542,0.14285714285714285,-0.012859668018001263,83.60910000000013,35,0.049806741150624424,0.005490520603916971,-0.007325929661256169,0.00532916291522928,0.09993684988729565,0.012582384661473937
CB-GK | build via centre,30,0,0.0,0.0,0,0.0,0.06666666666666667,-0.07684172442424228,0.041843867183260046,0.2,-0.041843867183260046,,23,0.04533652885959657,0.0054226174466255024,-0.01624949760210975,0.0,0.08273781359856479,0.008987417615338526
GK-CB-RB | build via right,67,4,0.04477611940298507,0.0027276790362938006,0,0.31343283582089554,0.22388059701492538,-0.026374759737018107,0.014425388927903534,0.08955223880597014,-0.011697709891609733,39.990099999999984,38,0.05575029604223379,0.0052818115403777946,-0.0078022467041726625,0.01803304007611882,0.10686326551582966,0.020071899340922707
CB-GK | then long by GK (centre),79,3,0.0379746835443038,0.00278395108260262,0,0.05063291139240506,0.0,-0.04197968133874807,0.01682150419606398,0.16455696202531644,-0.014037553113461358,12.404999999998836,45,0.050937320844343104,0.00509329284692016,-0.00946838463780952,0.015275584249621402,0.09127745146592099,0.02366686638705812
GK-DM | direct,39,0,0.0,0.0,0,0.07692307692307693,0.0,-0.061893879100207126,0.0042626791536985835,0.02564102564102564,-0.0042626791536985835,,22,0.041215026235996884,0.004929652224205002,-0.003771548037235564,0.0,0.0648833112242176,0.011683642899940084
GK-CF | direct,119,5,0.04201680672268908,0.002657048027056218,0,0.2689075630252101,0.0,-0.02563144414568428,0.004936772753013852,0.05042016806722689,-0.0022797247259576338,34.319099999999935,55,0.05072786367242286,0.004492873102882599,-0.0026727710116258912,0.02059832127971084,0.08380098845043606,0.03565008987417615
GK | direct,484,14,0.026859504132231406,0.0023735730197726834,1,0.08677685950413223,0.006198347107438017,-0.035867965376802105,0.008440838125469948,0.07644628099173553,-0.006067265105697264,4.658099999999649,71,0.031397587495153846,0.0030089060878056508,-0.005778851249723441,0.017151366858556588,0.041828846094426685,0.14499700419412823
