plan,n,shots,shot_rate,xg_per_gk,goals,reach_final3,lost_own3,lift_within_team,xg_against,shot_against,net_xg,med_t_shot,teams,shot_rate_adj,xg_per_gk_adj,net_xg_adj,shot_ci_lo,shot_ci_hi,share
then long by CB (centre),55,8,0.14545454545454545,0.01881909804198642,0,0.2909090909090909,0.0,0.07974933486881011,0.015107594911229438,0.10909090909090909,0.0037115031307569817,14.591000000000122,32,0.10504597910751036,0.013244225760917811,-2.6139969569061656e-05,0.08394497541530663,0.24021571664414468,0.0164769322947873
then long by other (right),45,4,0.08888888888888889,0.013977322507088094,0,0.3111111111111111,0.022222222222222223,0.010642619843959023,0.015007862295051138,0.15555555555555556,-0.0010305397879630436,52.64655000000039,33,0.0769551199748923,0.010638238885859614,-0.002414410087146791,0.040530897565316165,0.18388572486340224,0.01348112642300779
build via left,576,53,0.08159722222222222,0.010840764331934276,9,0.296875,0.1267361111111111,0.012033835153640088,0.011998685245626571,0.09722222222222222,-0.0011579209136922965,33.941000000000145,74,0.08031491760591776,0.010585402241179934,-0.0013743729795264764,0.06473234138639619,0.10237499951263801,0.1725584182144997
build via centre,330,25,0.07272727272727272,0.009633568179736186,3,0.296969696969697,0.09696969696969697,0.002138050764163332,0.014862115470962648,0.11818181818181818,-0.005228547291226463,31.531049999999997,68,0.07200073742913768,0.009402854024382658,-0.004955280448196946,0.052525960016028134,0.09987892955577929,0.09886159376872379
then long by GK (left),74,6,0.08108108108108109,0.010338487846293829,2,0.24324324324324326,0.013513513513513514,0.00257546107224532,0.003046553674248652,0.02702702702702703,0.007291934172045177,26.568050000000085,40,0.07522602684599769,0.009351370677776407,0.002481077313725873,0.04250374818862878,0.14921554635179357,0.022168963451168363
then long by other (left),39,5,0.10256410256410256,0.011097277335365386,1,0.3076923076923077,0.0,0.028739141309281128,0.014531950666875475,0.1282051282051282,-0.0034346733315100894,26.7374999999995,19,0.08161906664003729,0.009301306932076214,-0.003445363925464339,0.04688246102936949,0.20981965814885473,0.011683642899940084
then long by GK (right),85,8,0.08235294117647059,0.008450098532822617,1,0.27058823529411763,0.0,0.014421319990510493,0.02602509916131808,0.11764705882352941,-0.01757500062849546,29.5,33,0.0764157765335427,0.00831926858956012,-0.01173112980768407,0.04526214987400086,0.14521535722998657,0.025464349910125823
build via right,514,44,0.07782101167315175,0.008122210806906442,3,0.30544747081712065,0.13229571984435798,0.006395762893090299,0.011446086720187062,0.09922178988326848,-0.00332387591328062,33.82054999999963,74,0.07679492612781132,0.008123435409313949,-0.003337301373028423,0.060519786609965175,0.09954419754814486,0.15398442180946675
then long by GK (centre),187,14,0.0748663101604278,0.007295920179365768,1,0.24064171122994651,0.0053475935828877,-0.0026797836245400965,0.012068305327119956,0.11229946524064172,-0.004772385147754188,14.51405000000068,59,0.07319954492859793,0.007499484387602,-0.004451719802923519,0.0489189859644927,0.11294210938026505,0.056021569802276815
direct,1187,70,0.05307497893850042,0.00650480423102697,9,0.2813816343723673,0.010109519797809604,-0.010338512846496773,0.00926529001802824,0.07245155855096883,-0.00276048578700127,13.030000000000657,74,0.05379333407968218,0.006583190210445316,-0.0027937733743886,0.04335155810433486,0.06483149072909437,0.3556021569802277
then long by CB (left),73,3,0.0410958904109589,0.005123977354681522,0,0.2602739726027397,0.0136986301369863,-0.021503789628511155,0.00524200304580396,0.0547945205479452,-0.00011802569112243811,21.613,43,0.053235245092960085,0.006481849000662003,-0.0016222153695038652,0.0165401670717615,0.09845761546932422,0.021869382863990414
"build, lost in box",69,3,0.043478260869565216,0.003459189753717307,0,0.2463768115942029,0.21739130434782608,-0.026089480329094385,0.015852375522544402,0.11594202898550725,-0.012393185768827095,47.46199999999999,38,0.054885950367160395,0.005633485761261934,-0.008234640207295703,0.017506345409761356,0.10390639501198146,0.02067106051527861
then long by CB (right),84,3,0.03571428571428571,0.0025642387521803054,1,0.20238095238095238,0.023809523809523808,-0.020287065619198623,0.010205661034859486,0.14285714285714285,-0.007641422282679181,70.14609999999993,50,0.04916866387058119,0.004884941842912783,-0.005895960003035607,0.014360635942755683,0.08604789968092214,0.025164769322947873
