routine,n,shots,shot_rate,xg_per_gk,goals,reach_final3,lost_own3,lift_within_team,xg_against,shot_against,net_xg,med_t_shot,teams,shot_rate_adj,xg_per_gk_adj,net_xg_adj,shot_ci_lo,shot_ci_hi,share
GK short outside box → FB | build via left,82,11,0.10975609756097561,0.0181196340432287,4,0.43902439024390244,0.13414634146341464,0.03795443444220138,0.0033068512646574743,0.06097560975609756,0.014812782778571228,33.941000000000145,41,0.09211470138988515,0.01390032085733133,0.00709513675458285,0.0649789819655906,0.17946673485325437,0.02456560814859197
CB short in box → GK | build via centre,151,12,0.0728476821192053,0.012559829262052666,3,0.2185430463576159,0.1390728476821192,0.001160341958367218,0.018461393225960923,0.12582781456953643,-0.005901563963908258,31.116100000000078,53,0.07147055733347721,0.01130127861974525,-0.00520509444190627,0.04507440157036419,0.11566116491117093,0.045236668663870584
GK short in box → CB | build via left,107,6,0.056074766355140186,0.012182706410728127,1,0.24299065420560748,0.1588785046728972,-0.0003433723078307681,0.00530554642806459,0.09345794392523364,0.0068771599826635355,26.522099999999227,49,0.06036100357702809,0.010728054827210808,0.0031659721524127083,0.029269035160407207,0.10478034818020693,0.032055122828040745
CB short in box → GK | build via left,194,21,0.0979381443298969,0.011494568821683857,2,0.26288659793814434,0.1134020618556701,0.027214289824281472,0.01508035945540997,0.1134020618556701,-0.0035857906337261117,34.23000000000002,59,0.09086727400536887,0.01070071622678332,-0.0035542604395076443,0.06817123899089578,0.13876713516414094,0.05811863391252247
CB short in box → GK | build via right,195,20,0.08717948717948718,0.010022640616970177,3,0.28205128205128205,0.15897435897435896,0.017474714301101618,0.01237511391835165,0.1076923076923077,-0.002352473301381471,34.52999999999997,59,0.08266779449946546,0.009578237217668548,-0.0026112590684763256,0.05934643849476477,0.1263131791117295,0.058418214499700416
GK short outside box → CB | build via left,68,8,0.10294117647058823,0.010788577474191628,1,0.36764705882352944,0.10294117647058823,0.024981502932206568,0.017286702615538944,0.10294117647058823,-0.006498125141347316,47.36110000000008,40,0.08656474685440384,0.009544209675322858,-0.005070400611747607,0.05677701805522522,0.1794974012746692,0.02037147992810066
CB short in box → GK | then long by GK (left),69,5,0.07246376811594203,0.009940646773758529,2,0.21739130434782608,0.014492753623188406,-0.0065290054301524215,0.003267318433252178,0.028985507246376812,0.006673328340506351,18.74200000000019,38,0.07038982633615265,0.009100311609190958,0.0019637278046733494,0.03571349460072361,0.14148256388948,0.02067106051527861
CB short in box → GK | then long by GK (right),78,8,0.08974358974358974,0.009208440708845161,1,0.24358974358974358,0.0,0.02060237777360162,0.026043543399989988,0.11538461538461539,-0.016835102691144826,29.5,32,0.08029193911133109,0.00874126047453781,-0.011016498395662119,0.04938617356071215,0.15761231261178857,0.023367285799880167
GK long → opp half (centre) | direct,420,27,0.05952380952380952,0.008642820939059138,6,0.25476190476190474,0.009523809523809525,-0.0049521832186425665,0.009032795809064957,0.07857142857142857,-0.0003899748700058196,11.358099999999467,68,0.06058393249450769,0.00857920909291903,-0.0007727671126969173,0.04320406922128929,0.08148311734057719,0.12582384661473936
CB short in box → GK | then long by GK (centre),167,14,0.08383233532934131,0.008169683075098196,1,0.2215568862275449,0.005988023952095809,0.005353212044458464,0.01351361135431995,0.12574850299401197,-0.005343928279221755,14.51405000000068,58,0.07964884404124975,0.00816023191073874,-0.004843941811991669,0.05484930666146383,0.12608725702270707,0.050029958058717794
GK short in box → CB | build via right,108,9,0.08333333333333333,0.007589512646166648,0,0.3148148148148148,0.19444444444444445,0.013404930510872095,0.013294812578491267,0.1111111111111111,-0.00570529993232462,24.523999999999432,50,0.07785885474621244,0.00778394604751365,-0.004900661674899613,0.04912292118169187,0.13791319541629818,0.03235470341521869
GK short in box → CB | build via centre,46,4,0.08695652173913043,0.007116494789134357,0,0.41304347826086957,0.043478260869565216,0.016688659010566157,0.015166667403107847,0.15217391304347827,-0.008050172613973491,47.79749999999967,32,0.07622912827701596,0.007692399344306374,-0.005447610461649592,0.03963597866501872,0.180173069599544,0.01378070701018574
CB short in box → GK | then long by CB (left),39,2,0.05128205128205128,0.006461831020727,0,0.28205128205128205,0.0,-0.015626513295079494,0.007701257109062292,0.07692307692307693,-0.0012394260883352914,22.094000000000364,25,0.061417046438017084,0.007475222020248973,-0.002580569556940934,0.017116354212056456,0.14367636098916448,0.011683642899940084
GK short outside box → FB | build via right,51,3,0.058823529411764705,0.006168621618222517,0,0.4117647058823529,0.0784313725490196,-0.0272559266511034,0.012296507730036156,0.0784313725490196,-0.00612788611181364,36.35100000000057,35,0.06378637475102425,0.007230948402933726,-0.00468163027382497,0.02374935811970804,0.13835582467868374,0.015278609946075494
GK long → opp half (left) | direct,393,29,0.06361323155216285,0.006862724481459416,2,0.3231552162849873,0.010178117048346057,0.0026252287069203663,0.007430217598246261,0.058524173027989825,-0.0005674931167868449,12.677099999999882,70,0.06419489535841875,0.00703109556602615,-0.0009495884405944949,0.046195243124077114,0.08699965831822465,0.11773517076093469
GK short outside box → CB | build via right,67,5,0.05970149253731343,0.0038055468694683965,0,0.3283582089552239,0.08955223880597014,-0.012057743017297914,0.004897670250575322,0.05970149253731343,-0.001092123381106925,51.4070999999999,40,0.06362431179026529,0.005850450475989589,-0.0022071735057184257,0.027080588904078197,0.12650764109469165,0.020071899340922707
"CB short in box → GK | build, lost in box",49,2,0.04081632653061224,0.002893096462469117,0,0.2857142857142857,0.12244897959183673,-0.028986576469239456,0.01453735690113865,0.10204081632653061,-0.011644260438669531,35.566999999999325,30,0.05578245502168524,0.00577795685190167,-0.007134931469604433,0.013598916810470249,0.11609631696547752,0.014679448771719592
CB short in box → GK | then long by CB (right),40,0,0.0,0.0,0,0.175,0.05,-0.06058631765270336,0.007181508730014538,0.125,-0.007181508730014538,,28,0.04080287597363691,0.0048803557019629525,-0.004943991178926576,0.0,0.0633640101133271,0.011983223487118035
GK long → opp half (right) | direct,353,12,0.0339943342776204,0.003520348606954275,1,0.26345609065155806,0.0113314447592068,-0.030735213290995128,0.012136117550938975,0.08498583569405099,-0.008615768943984699,13.890549999999621,66,0.038935321058991994,0.004190602005934999,-0.007865630038544007,0.021341075702225563,0.053737846562304535,0.10575194727381666
