setup,n,shots,shot_rate,xg_per_gk,goals,reach_final3,lost_own3,lift_within_team,xg_against,shot_against,net_xg,med_t_shot,teams,shot_rate_adj,xg_per_gk_adj,net_xg_adj,shot_ci_lo,shot_ci_hi,share
GK short outside box → FB,168,16,0.08333333333333333,0.013316039391161324,4,0.40476190476190477,0.09523809523809523,0.005822095181464675,0.010059676678859465,0.06547619047619048,0.0032563627123018603,34.905050000000074,60,0.07929950700598111,0.011952325385576305,0.0014909217849764756,0.054518839095976115,0.12535779384653423,0.05032953864589575
GK short in box → CB,368,28,0.07336956521739131,0.009752271345377468,1,0.28804347826086957,0.11956521739130435,0.009976382274190409,0.010208169907074786,0.10869565217391304,-0.00045589856169731837,33.513999999999214,72,0.07261749438636377,0.009525400526390662,-0.0008759566341044142,0.05398990493520599,0.09897773296601238,0.11024565608148593
CB short in box → GK,1039,92,0.08180943214629452,0.009597083749873505,12,0.2521655437921078,0.08084696823869104,0.009670406118023285,0.014507715453441955,0.1126082771896054,-0.0049106317035684495,25.60010000000148,71,0.08105576669459845,0.009517202535318351,-0.004831014657597539,0.06888470837352796,0.09690681135969044,0.31126423007789095
GK long → opp half (centre),420,27,0.05952380952380952,0.008642820939059138,6,0.25476190476190474,0.009523809523809525,-0.0049521832186425665,0.009032795809064957,0.07857142857142857,-0.0003899748700058196,11.358099999999467,68,0.06058393249450769,0.00857920909291903,-0.0007727671126969173,0.04320406922128929,0.08148311734057719,0.12582384661473936
"GK → own half, outside 3rd (CB)",30,3,0.1,0.007073392483259255,0,0.4,0.03333333333333333,0.0311934501857536,0.008412863674069581,0.03333333333333333,-0.0013394711908103264,14.090100000000009,24,0.0786698621929299,0.007780414941045254,-0.0027480322712931764,0.040673858667528845,0.225516392211323,0.008987417615338526
GK long → opp half (left),393,29,0.06361323155216285,0.006862724481459416,2,0.3231552162849873,0.010178117048346057,0.0026252287069203663,0.007430217598246261,0.058524173027989825,-0.0005674931167868449,12.677099999999882,70,0.06419489535841875,0.00703109556602615,-0.0009495884405944949,0.046195243124077114,0.08699965831822465,0.11773517076093469
GK short outside box → CB,200,18,0.08,0.0063304480497854455,2,0.355,0.07,0.01014711231991752,0.010251520937585466,0.085,-0.00392107288780002,43.67560000000003,66,0.07723187537447575,0.006746635308282248,-0.0038128974855849243,0.05376405883675752,0.11744952497260386,0.05991611743559017
GK short outside box → DM,52,2,0.038461538461538464,0.002690507571945999,0,0.4807692307692308,0.057692307692307696,-0.035103052597042265,0.004891162335342115,0.057692307692307696,-0.002200654763396116,26.071599999999762,35,0.05428828211931867,0.005606624678013279,-0.002871185860613162,0.01280923499310476,0.10977369805677409,0.015578190533253445
GK short outside box → other,40,2,0.05,0.00165653191704129,1,0.225,0.4,-0.029749946298568097,0.03212462170222935,0.3,-0.030468089785188064,44.76259999999968,30,0.06080287597363691,0.005542968468779468,-0.014258623600995985,0.01668478603739386,0.14034282306460055,0.011983223487118035
GK long → opp half (right),353,12,0.0339943342776204,0.003520348606954275,1,0.26345609065155806,0.0113314447592068,-0.030735213290995128,0.012136117550938975,0.08498583569405099,-0.008615768943984699,13.890549999999621,66,0.038935321058991994,0.004190602005934999,-0.007865630038544007,0.021341075702225563,0.053737846562304535,0.10575194727381666
"GK → own half, outside 3rd (nan)",59,0,0.0,0.0,0,0.01694915254237288,0.01694915254237288,-0.06776487327254659,0.01500491866319718,0.15254237288135594,-0.01500491866319718,,39,0.03428813107028312,0.004101139245347019,-0.00918007537664462,0.0,0.04385349728814974,0.017675254643499103
