team_name,n,shots,shot_rate,xg_per_gk,goals,reach_final3,lost_own3,lift_within_team,xg_against,shot_against,net_xg,med_t_shot,teams,shot_rate_adj,xg_per_gk_adj,net_xg_adj,shot_ci_lo,shot_ci_hi,share
Feyenoord Rotterdam,49,13,0.20408163265306123,0.029088345853835917,0,0.5102040816326531,0.04081632653061224,-4.5315225494904345e-18,0.006597857176863183,0.10204081632653061,0.022490488676972738,18.429000000000087,1,0.1291769504345293,0.01755380290857115,0.008210047490638422,0.12607671822759692,0.3130602102057916,0.014679448771719592
SC Fortuna K ln,69,6,0.07246376811594203,0.02246418019553875,1,0.391304347826087,0.028985507246376812,-8.045094381341714e-19,0.011279255720930083,0.13043478260869565,0.011184924474608665,14.012000000000626,1,0.07038982633615265,0.01579894576502689,0.004376907132216448,0.03571349460072361,0.14148256388948,0.02067106051527861
MSV Duisburg,40,1,0.025,0.019154993083868775,1,0.325,0.125,-2.2551405187698493e-18,0.0035719388105821676,0.05,0.01558305427328661,27.251099999999497,1,0.05080287597363691,0.012542352935510464,0.004161834022393882,0.005596575325797326,0.10459923428186342,0.011983223487118035
TSG 1899 Hoffenheim II,61,6,0.08196721311475409,0.016056739453341583,1,0.3442622950819672,0.03278688524590164,8.645179290113924e-18,0.012947293030817632,0.09836065573770492,0.0031094464225239504,21.613,1,0.07504369915176605,0.012128071709505223,-0.0001443184869265712,0.0404650056837541,0.15898277025266633,0.018274415817855005
Ajax Amsterdam,34,5,0.14705882352941177,0.01771078128453434,0,0.47058823529411764,0.14705882352941177,-1.1428766429964846e-17,0.00880305491278219,0.08823529411764706,0.00890772637175215,17.583999999999833,1,0.09659880422727331,0.011597895041175137,0.0010183396590159256,0.07345847837528349,0.2726979087573467,0.01018573996405033
Eintracht Braunschweig,46,5,0.10869565217391304,0.016080026420049697,0,0.30434782608695654,0.08695652173913043,-3.921983510904085e-18,0.02804344948636694,0.10869565217391304,-0.011963423066317244,33.513999999999214,1,0.0856630905411669,0.011582233825646994,-0.007145813488138389,0.05391673363808737,0.20695499629676156,0.01378070701018574
SpVgg Greuther F rth,44,5,0.11363636363636363,0.01619876928484256,1,0.5,0.06818181818181818,1.261617073437678e-18,0.009244609316517051,0.045454545454545456,0.006954159968325508,34.39409999999998,1,0.08731045766695857,0.011545975180090077,0.000950425672252368,0.05641775040891203,0.21562477515390346,0.013181545835829839
FC Twente Enschede,23,3,0.13043478260869565,0.018888451889407368,0,0.34782608695652173,0.17391304347826086,-2.413528314402514e-18,0.00981173247105856,0.13043478260869565,0.00907671941834881,36.74799999999959,1,0.08530466984775531,0.011114095947622468,1.958768590297026e-05,0.053350499870372506,0.28532593882444707,0.00689035350509287
SV Waldhof Mannheim,56,7,0.10714285714285714,0.014140179948597606,1,0.2857142857142857,0.07142857142857142,1.1895246692412391e-17,0.01137313437666077,0.08928571428571429,0.002767045571936835,40.83150000000023,1,0.08689903101175596,0.011033496959635871,-0.0004498639367552874,0.05642212756170452,0.19408069561530328,0.016776512881965248
Willem II Tilburg,66,6,0.07575757575757576,0.012874702739646216,1,0.18181818181818182,0.0,-6.0978158549487764e-18,0.015166575263477264,0.13636363636363635,-0.0022918725238310505,11.69210000000021,1,0.07206577458225152,0.010617190087404329,-0.0028444631370232176,0.03735849002188197,0.14757470906800865,0.019772318753744758
1 FC N rnberg,39,5,0.1282051282051282,0.01440663477954216,2,0.2564102564102564,0.10256410256410256,1.1386902816668272e-17,0.007710463341236729,0.10256410256410256,0.00669617143830543,58.62699999999995,1,0.09172007674104739,0.010604993197964036,0.0005455749232508656,0.0638193834750099,0.24083743769171598,0.011683642899940084
AZ Alkmaar,31,3,0.0967741935483871,0.015048598106699186,1,0.25806451612903225,0.03225806451612903,1.7906822977825105e-18,0.014252111937849376,0.0967741935483871,0.00079648616884981,16.02900000000045,1,0.07780535821278782,0.01048947375279088,-0.002004919752282769,0.039338711838554155,0.21895413046486195,0.009286998202516477
Bayer 04 Leverkusen,22,5,0.22727272727272727,0.016721919181604306,0,0.36363636363636365,0.045454545454545456,2.523234146875356e-18,0.0031552803977675996,0.045454545454545456,0.013566638783836708,16.957099999999855,1,0.11073521460199623,0.010438021855995,0.0011137473725894081,0.11527190584624275,0.39901661284504814,0.006590772917914919
W rzburger Kickers,56,7,0.10714285714285714,0.01267538480910634,2,0.2857142857142857,0.07142857142857142,8.17798210103352e-18,0.007206698043731571,0.07142857142857142,0.00546868676537477,35.93454999999989,1,0.08689903101175596,0.01032635447850216,0.000854376639387164,0.05642212756170452,0.19408069561530328,0.016776512881965248
Hannover 96,59,6,0.0847457627118644,0.011818861566419496,1,0.3220338983050847,0.0847457627118644,3.7634678800852764e-18,0.012657941698604503,0.1016949152542373,-0.0008390801321850064,30.44309999999996,1,0.07630493779297219,0.00996091094634492,-0.0021566764411007685,0.04185729206719548,0.16405493449414918,0.017675254643499103
PSV Eindhoven,24,1,0.041666666666666664,0.014306478857358806,0,0.375,0.041666666666666664,4.625929269271485e-18,0.02051427127575026,0.125,-0.0062077924183914545,25.471999999999756,1,0.060479614254329656,0.009897512652058413,-0.004239592699207988,0.009350009600869388,0.16686584431224571,0.007189934092270821
VfL Bochum,45,5,0.08888888888888889,0.012240831559222351,0,0.35555555555555557,0.022222222222222223,-4.3175339846533866e-18,0.016835227898638946,0.17777777777777778,-0.004594396339416594,13.130600000000243,1,0.0769551199748923,0.009894028479631438,-0.003941777180626884,0.040530897565316165,0.18388572486340224,0.01348112642300779
FC Groningen,54,5,0.09259259259259259,0.010630018202533467,1,0.16666666666666666,0.07407407407407407,9.25185853854297e-18,0.009521836634156854,0.1111111111111111,0.0011081815683766135,12.744100000001708,1,0.07965164559090958,0.009316285553799146,-0.0012920786315766576,0.04579678434989541,0.17827155759436886,0.016177351707609346
FC Utrecht,55,6,0.09090909090909091,0.010273047206333407,0,0.23636363636363636,0.03636363636363636,-5.551115123125783e-18,0.021871457371430078,0.12727272727272726,-0.011598410165096672,29.5,1,0.07895902258577123,0.009156984056909848,-0.007348272415412113,0.044950638259486614,0.17523477565526493,0.0164769322947873
SC Paderborn 07,29,3,0.10344827586206896,0.011055921210526017,2,0.41379310344827586,0.0,2.392722035830079e-18,0.0,0.0,0.011055921210526017,15.875,1,0.07955379322880551,0.009086036913500559,0.0012750892855413305,0.042102857858848944,0.23248296612886316,0.008687837028160575
1 FSV Mainz 05,24,4,0.16666666666666666,0.011284035454942989,1,0.2916666666666667,0.0,1.5034270125132327e-17,0.02698508634950432,0.08333333333333333,-0.015701050894561332,42.11809999999997,1,0.09619389996861537,0.009033957394225321,-0.006951952263827953,0.07709752600051359,0.3237867313908429,0.007189934092270821
1 FC Saarbr cken,63,4,0.031746031746031744,0.009851407253846442,1,0.31746031746031744,0.031746031746031744,1.76225876924628e-18,0.009649560933426069,0.09523809523809523,0.00020184632042037214,33.65654999999991,1,0.049433232498891796,0.00901361160315952,-0.0015806703293137613,0.010560668428194815,0.0915003678314176,0.018873576992210903
Preu en M nster,56,7,0.125,0.009883753465699677,1,0.26785714285714285,0.10714285714285714,0.0,0.014912427374310505,0.10714285714285714,-0.005028673908610829,38.77310000000034,1,0.09551972066692838,0.008978670381685148,-0.004213314720467953,0.06920758560668501,0.21536329106227697,0.016776512881965248
SC Telstar,58,5,0.08620689655172414,0.009850169362020158,1,0.3275862068965517,0.05172413793103448,-8.613799328988284e-18,0.007068552894533734,0.08620689655172414,0.0027816164674864235,35.77510000000075,1,0.07695158980816687,0.008977503332148003,-0.0003881780811683351,0.04259000377897808,0.16671417978435027,0.01737567405632115
SC Verl,62,2,0.03225806451612903,0.009131543582787359,1,0.24193548387096775,0.06451612903225806,3.1336940211193934e-18,0.006568446718561137,0.08064516129032258,0.0025630968642262222,18.088050000000095,1,0.049838422929210584,0.008640912068271406,-0.0003953013369676255,0.010731932008949972,0.09290640769743747,0.018573996405032954
SV Wehen Wiesbaden,54,6,0.1111111111111111,0.009202945532558219,1,0.2777777777777778,0.07407407407407407,-1.02798428206033e-18,0.004208194463673421,0.037037037037037035,0.0049947510688847984,27.18800000000033,1,0.08842357541547098,0.008640303762758237,0.0005489279739272193,0.05855284777554566,0.2007851149894339,0.016177351707609346
VfB Stuttgart,39,3,0.07692307692307693,0.009393447986890013,1,0.38461538461538464,0.05128205128205128,0.0,0.008120621598160035,0.07692307692307693,0.0012728263887299789,38.553100000001,1,0.07151805653902718,0.008630101431161675,-0.0015908943387031,0.03115734293104329,0.1775900742586793,0.011683642899940084
1 FC Union Berlin,23,2,0.08695652173913043,0.009879182956636484,0,0.17391304347826086,0.21739130434782608,7.240584943207542e-18,0.0,0.0,0.009879182956636484,13.281100000000151,1,0.07325647707667098,0.008617551544565474,0.0002419571001272654,0.029202900951139477,0.23167076582542356,0.00689035350509287
RasenBallsport Leipzig,31,3,0.0967741935483871,0.009402221944611388,0,0.22580645161290322,0.16129032258064516,1.7906822977825105e-18,0.018946404060197628,0.12903225806451613,-0.009544182115586239,46.66200000000026,1,0.07780535821278782,0.008565982972299432,-0.005527564992035709,0.039338711838554155,0.21895413046486195,0.009286998202516477
Karlsruher SC,39,4,0.10256410256410256,0.00920899803882141,0,0.3333333333333333,0.02564102564102564,8.540177112501205e-18,0.0034602598292287493,0.05128205128205128,0.005748738209592661,26.036999999999352,1,0.08161906664003729,0.008557439330407377,0.00017234365133371384,0.04688246102936949,0.20981965814885473,0.011683642899940084
VfL Osnabr ck,62,5,0.08064516129032258,0.008816736750265359,0,0.22580645161290322,0.04838709677419355,-2.6860234466737657e-18,0.02786537066816283,0.12903225806451613,-0.01904863391789747,25.00800000000004,1,0.07442858686363682,0.008480928268137275,-0.011378312062309173,0.03980303674354183,0.1565623712690814,0.018573996405032954
ADO Den Haag,48,4,0.0625,0.008525878553835244,0,0.22916666666666666,0.0625,0.0,0.007944815469179205,0.08333333333333333,0.0005810630846560388,43.55400000000009,1,0.06555821849410826,0.008308127229448027,-0.0016597013021165392,0.025250183685545026,0.14644588201867847,0.014379868184541641
FC Bayern M nchen,16,2,0.125,0.008960121193547985,0,0.75,0.0,0.0,0.0,0.0,0.008960121193547985,7.786049999998795,1,0.08000378417583805,0.008307861964382409,-0.0008391688104645834,0.04226207137767879,0.3162333866365172,0.004793289394847214
VfL Wolfsburg,57,7,0.10526315789473684,0.008434572080844973,1,0.3157894736842105,0.19298245614035087,5.843279076974508e-18,0.008074225076095643,0.07017543859649122,0.0003603470047493302,35.55310000000003,1,0.08615630425097172,0.008280394690636399,-0.0015948631574475578,0.05541390720600792,0.19089331220777825,0.0170760934691432
Sparta Rotterdam,57,2,0.03508771929824561,0.008396613016714509,1,0.3157894736842105,0.017543859649122806,1.947759692324836e-18,0.007877407492346966,0.05263157894736842,0.0005192055243675428,26.47109999999975,1,0.051968270062937534,0.008261901813239507,-0.0015174705453258647,0.011678927923817528,0.10063846383019726,0.0170760934691432
Hertha BSC,39,4,0.10256410256410256,0.008042887365074426,1,0.358974358974359,0.02564102564102564,7.11681426041767e-18,0.01024111090468261,0.07692307692307693,-0.002198223539608185,16.374499999999443,1,0.08161906664003729,0.008098062398325232,-0.0029582776438060133,0.04688246102936949,0.20981965814885473,0.011683642899940084
Borussia M nchengladbach,25,2,0.08,0.007862437248784868,0,0.16,0.08,2.220446049250313e-18,0.036032232828359136,0.16,-0.028169795579574268,26.384099999999876,1,0.07153279526310224,0.008054076487246082,-0.010722160684487444,0.026834119567502854,0.2152079994300798,0.007489514679448772
TSG 1899 Hoffenheim,22,2,0.045454545454545456,0.006552916814279916,0,0.36363636363636365,0.045454545454545456,-6.30808536718839e-19,0.006047094039322066,0.045454545454545456,0.0005058227749578496,94.64509999999996,1,0.061954726797118186,0.00770975292817626,-0.002390373995646383,0.010205593989788903,0.18027527049569592,0.006590772917914919
FC Viktoria K ln,42,3,0.047619047619047616,0.006987978919339716,0,0.16666666666666666,0.09523809523809523,-2.64338815386942e-18,0.004014841412843478,0.047619047619047616,0.002973137506496238,73.38410000000113,1,0.059610662719251875,0.007662065537338856,-0.0008065391511689618,0.015883808797148284,0.13411890336525037,0.012582384661473937
SV Werder Bremen,21,2,0.09523809523809523,0.006170540323229887,0,0.23809523809523808,0.0,5.28677630773884e-18,0.0,0.0,0.006170540323229887,4.930100000000493,1,0.07506527897979866,0.007624900209680529,-0.0009574990358549194,0.032030523620154794,0.25085220345028403,0.006291192330736968
FC Augsburg,38,3,0.07894736842105263,0.006732970443866831,0,0.21052631578947367,0.07894736842105263,2.1912296538654404e-18,0.022439385851293608,0.15789473684210525,-0.015706415407426778,62.0,1,0.07224783262616011,0.007590698439420763,-0.008203903614023404,0.031988899868215875,0.18188668734522487,0.011384062312762133
Arminia Bielefeld,35,3,0.08571428571428572,0.006532856140487943,1,0.42857142857142855,0.0,-5.551115123125783e-18,0.005605908527940476,0.05714285714285714,0.0009269476125474669,6.4500000000000455,1,0.07452934313014412,0.007544058264351296,-0.001838901076346471,0.03477315198923833,0.19611899323158513,0.010485320551228281
FC Schalke 04,37,2,0.02702702702702703,0.006279140382045638,0,0.13513513513513514,0.02702702702702703,0.0,0.00361486941731293,0.10810810810810811,0.002664270964732708,16.083999999998923,1,0.052374098941893724,0.007426430560123544,-0.0011191829174944938,0.006052109942168753,0.11246957536881363,0.011084481725584181
SC Heerenveen,53,4,0.05660377358490566,0.00650270751782577,0,0.3584905660377358,0.07547169811320754,2.6184505297763125e-19,0.010376260889632947,0.07547169811320754,-0.0038735533718071763,18.989000000000036,1,0.06265741236605037,0.007368841315407619,-0.0036498858176801457,0.022844159409026725,0.1334410000508342,0.015877771120431396
FC Hansa Rostock,49,3,0.061224489795918366,0.006314637595104882,1,0.32653061224489793,0.02040816326530612,5.0979628681767395e-18,0.004027565173363083,0.061224489795918366,0.002287072421741799,18.7791000000002,1,0.06495676694829075,0.007316080847306738,-0.0008722222020800729,0.024729264036626987,0.14364618157150089,0.014679448771719592
SG Dynamo Dresden,42,3,0.07142857142857142,0.005874581251519777,0,0.2619047619047619,0.023809523809523808,4.625929269271485e-18,0.0038242279990955497,0.07142857142857142,0.0020503532524242265,41.60899999999992,1,0.06941458428787932,0.007203607674118881,-0.00118650913813979,0.028903350436405045,0.16583606108586735,0.012582384661473937
VfB Stuttgart II,46,2,0.043478260869565216,0.005935061345708809,1,0.2391304347826087,0.08695652173913043,1.8101462358018856e-18,0.02725621313598597,0.15217391304347827,-0.021321151790277163,44.41305,1,0.05736120374871407,0.007179701812253777,-0.011206714632498355,0.014492368794833059,0.12319131612915732,0.01378070701018574
Fortuna D sseldorf,51,4,0.0784313725490196,0.0057811758787254496,0,0.3137254901960784,0.09803921568627451,6.530723674265627e-18,0.005183064619824925,0.0392156862745098,0.0005981112589005244,39.67455000000041,1,0.07279538376003325,0.0070529327928945335,-0.001591307157550895,0.035695370771286414,0.1636495816805102,0.015278609946075494
SC Freiburg,22,1,0.045454545454545456,0.003630340767905643,0,0.22727272727272727,0.045454545454545456,6.30808536718839e-19,0.01926330513613598,0.13636363636363635,-0.015632964368230338,2.374100000000908,1,0.061954726797118186,0.006925647159636822,-0.006720292497477361,0.010205593989788903,0.18027527049569592,0.006590772917914919
FC Energie Cottbus,46,4,0.08695652173913043,0.005244451531035991,1,0.2608695652173913,0.10869565217391304,7.240584943207542e-18,0.028839136049246508,0.17391304347826086,-0.023594684518210517,25.056600000000003,1,0.07622912827701596,0.006880003213433497,-0.012193342042733583,0.03963597866501872,0.180173069599544,0.01378070701018574
1 FC K ln,30,2,0.06666666666666667,0.004167654264461403,0,0.36666666666666664,0.1,5.088522196198634e-18,0.0,0.0,0.004167654264461403,12.464050000000157,1,0.06755875108181879,0.006811835534779305,-0.0009123237862026,0.02231016866168721,0.18272926979040227,0.008987417615338526
Alemannia Aachen,53,5,0.09433962264150944,0.005058793785686331,0,0.2641509433962264,0.05660377358490566,-4.1895208476421e-18,0.0008716954640203006,0.018867924528301886,0.004187098321666031,27.927999999999884,1,0.08035652741029815,0.006691607441041334,0.00013077382616127038,0.04667540907356579,0.18141526873013678,0.015877771120431396
Eintracht Frankfurt,28,1,0.03571428571428571,0.003118601340274359,0,0.17857142857142858,0.07142857142857142,1.982541115402065e-18,0.003966923750798069,0.07142857142857142,-0.0008483224105237108,11.54910000000018,1,0.057730540879132854,0.006538140996863378,-0.0026237704112129544,0.008007419933235671,0.14525321865479388,0.008388256440982624
Hamburger SV,45,3,0.06666666666666667,0.004378145186196263,0,0.26666666666666666,0.022222222222222223,1.5419764230904951e-18,0.01894526767029312,0.17777777777777778,-0.014567122484096856,25.79309999999896,1,0.06743131045108278,0.006524305748334544,-0.008215802671204139,0.0269535261986142,0.1555396704154403,0.01348112642300779
NEC Nijmegen,35,1,0.02857142857142857,0.0037308551477635136,0,0.2857142857142857,0.11428571428571428,0.0,0.005163915528937646,0.02857142857142857,-0.0014330603811741323,14.105100000000675,1,0.05347671155119675,0.0065117421091370345,-0.0027083777056123234,0.006399362448034254,0.11840894073428208,0.010485320551228281
FC St Pauli,53,2,0.03773584905660377,0.004569174374098801,0,0.33962264150943394,0.05660377358490566,1.5710703178657876e-18,0.005039819882332856,0.03773584905660377,-0.0004706455082340556,9.499049999999983,1,0.05380785484392647,0.006461962938261342,-0.002053831686977708,0.012566002255202602,0.10781639803273753,0.015877771120431396
SV 07 Elversberg,42,2,0.047619047619047616,0.0038015372914859944,0,0.16666666666666666,0.047619047619047616,0.0,0.02058775827527241,0.09523809523809523,-0.016786220983786418,56.20060000000012,1,0.059610662719251875,0.0063500013376343815,-0.008942745588344172,0.015883808797148284,0.13411890336525037,0.012582384661473937
Go Ahead Eagles Deventer,48,2,0.041666666666666664,0.004059676606044703,0,0.3125,0.0,3.903127820947816e-18,0.012291670147995662,0.10416666666666667,-0.008231993541950958,17.86905000000002,1,0.05629895923484899,0.006323148585985565,-0.0055766153583863155,0.013884236365135569,0.11836878484881287,0.014379868184541641
Borussia Dortmund,34,1,0.029411764705882353,0.0028347143657593507,1,0.23529411764705882,0.058823529411764705,6.122553444624025e-19,0.012105157714985451,0.11764705882352941,-0.0092704433492261,26.23199999999997,1,0.05404561273791161,0.006217189985448012,-0.005556743006018761,0.006588373606571871,0.1216201425702683,0.01018573996405033
SV Meppen,51,2,0.0392156862745098,0.0033627595595799365,0,0.19607843137254902,0.11764705882352941,1.6326809185664067e-18,0.008374427166218341,0.09803921568627451,-0.005011667606638406,25.82799999999952,1,0.054777365742015235,0.005941768538152,-0.0041687731227985116,0.013062070296422076,0.11180334284856491,0.015278609946075494
PEC Zwolle,64,3,0.046875,0.003631815721538185,0,0.1875,0.09375,0.0,0.023978032133739897,0.203125,-0.020346216412201714,40.72910000000047,1,0.05709909352712654,0.005810256261086605,-0.012171746928007949,0.018885318395288973,0.11162800480152871,0.019173157579388856
TSV Havelse,64,2,0.03125,0.003465911256680991,0,0.21875,0.03125,0.0,0.010302941873790154,0.109375,-0.006837030617109163,34.41504999999995,1,0.04903457739809428,0.00572462815019257,-0.005199263936992439,0.010394785312560578,0.09013623868414737,0.019173157579388856
Rot-Weiss Essen,42,2,0.023809523809523808,0.002197199625705489,0,0.40476190476190477,0.023809523809523808,6.60847038467355e-19,0.024061882835539967,0.09523809523809523,-0.02186468320983448,16.396999999999935,1,0.049806741150624424,0.005689391710548292,-0.011033877093187492,0.00532916291522928,0.09993684988729565,0.012582384661473937
Holstein Kiel,48,2,0.041666666666666664,0.0025050568678024834,0,0.3333333333333333,0.0625,3.3248866622888804e-18,0.010674071777322998,0.14583333333333334,-0.008169014909520515,60.83060000000006,1,0.05629895923484899,0.005632206480100134,-0.005548624855083896,0.013884236365135569,0.11836878484881287,0.014379868184541641
Fortuna Sittard,76,3,0.039473684210526314,0.003601646899243023,0,0.21052631578947367,0.0,2.0086271827099872e-18,0.01604247422858669,0.10526315789473684,-0.012440827329343663,13.645000000000437,1,0.05206093821590949,0.005601181871608566,-0.008475306218545546,0.01588274250277106,0.09473172443289238,0.022768124625524265
1 FC Heidenheim 1846,54,2,0.037037037037037035,0.002229373199850282,0,0.25925925925925924,0.07407407407407407,5.13992141030165e-18,0.016690509039973725,0.1111111111111111,-0.014461135840123443,19.687499999999996,1,0.05333585611722536,0.00533703265779132,-0.008667018456655632,0.01233183520221992,0.10592764427989859,0.016177351707609346
1 FC Magdeburg,48,1,0.020833333333333332,0.0016965956300491654,0,0.3333333333333333,0.0,1.4456028966473392e-19,0.00126971920185377,0.041666666666666664,0.00042687642819539545,12.770100000001548,1,0.04703969997558973,0.005272890374431993,-0.0017282287049879361,0.004661031935923959,0.08814894478774939,0.014379868184541641
FC Ingolstadt 04,63,2,0.031746031746031744,0.0025277586772530867,0,0.23809523809523808,0.07936507936507936,1.76225876924628e-18,0.0067568864751300145,0.047619047619047616,-0.004229127797876928,6.545599999999979,1,0.049433232498891796,0.0052624745273434125,-0.003850193658197744,0.010560668428194815,0.0915003678314176,0.018873576992210903
Excelsior Rotterdam,60,2,0.03333333333333333,0.0020946543637525425,0,0.15,0.0,1.61907524424502e-18,0.008182943878433683,0.05,-0.006088289514681141,17.695050000000037,1,0.050669063311364095,0.005114290266845399,-0.00477030116310787,0.011091682807516844,0.09585218741866955,0.017974835230677052
SC Cambuur Leeuwarden,39,0,0.0,0.0,0,0.23076923076923078,0.07692307692307693,0.0,0.014632231321520726,0.1282051282051282,-0.014632231321520726,,1,0.041215026235996884,0.004929652224205002,-0.007856523133650347,0.0,0.0648833112242176,0.011683642899940084
SG Sonnenhof Gro aspach,59,2,0.03389830508474576,0.0012889883797365118,0,0.3050847457627119,0.06779661016949153,-7.056502275159894e-19,0.01552600934661416,0.13559322033898305,-0.014237020966877647,14.449549999999363,1,0.05109485375935875,0.004740217517653357,-0.00879935298939376,0.011280757272090353,0.09739623172533737,0.017675254643499103
SV Darmstadt 98,43,0,0.0,0.0,0,0.09302325581395349,0.11627906976744186,0.0,0.012818467673607198,0.11627906976744186,-0.012818467673607198,,1,0.03961444269285137,0.004738209419381507,-0.007362455132594036,0.0,0.05920499540268488,0.012881965248651888
1 FC Kaiserslautern,46,0,0.0,0.0,0,0.15217391304347827,0.13043478260869565,0.0,0.006827861699080726,0.08695652173913043,-0.006827861699080726,,1,0.03849327922041218,0.004604109152795238,-0.004917173649526315,0.0,0.05555832158341806,0.01378070701018574
SSV Jahn Regensburg,54,0,0.0,0.0,0,0.25925925925925924,0.07407407407407407,0.0,0.014449857559081623,0.12962962962962962,-0.014449857559081623,,1,0.035791996468102556,0.004281013773651712,-0.008661676113004243,0.0,0.047720237840688004,0.016177351707609346
