team_name,routine,n,shots,shot_rate,xg_per_gk,goals,reach_final3,lost_own3,lift_within_team,xg_against,shot_against,net_xg,med_t_shot,teams,shot_rate_adj,xg_per_gk_adj,net_xg_adj,shot_ci_lo,shot_ci_hi,share
SC Fortuna K ln,GK long → opp half (centre) | direct,8,1,0.125,0.08494183605389785,1,0.25,0.0,0.05253623188405797,0.0,0.0,0.08494183605389785,10.792100000000572,1,0.07471011172593664,0.017170150862168797,0.006946998819692746,0.02839608135329466,0.41117182550289144,0.002396644697423607
Willem II Tilburg,GK long → opp half (centre) | direct,15,2,0.13333333333333333,0.02828582252883969,1,0.3333333333333333,0.0,0.05757575757575757,0.017473429114889923,0.13333333333333333,0.010812393413949765,6.126099999999497,1,0.08107050129818255,0.012164305441718542,-0.0005993715664377282,0.04514682181062529,0.33359572486487077,0.004493708807669263
1 FC Saarbr cken,CB short in box → GK | build via left,14,2,0.07142857142857142,0.02838625889881192,1,0.2857142857142857,0.14285714285714285,0.03968253968253969,0.004979936662880443,0.14285714285714285,0.023406322235931476,23.74800000000002,1,0.06865253509950935,0.011965448578103543,0.0016290505758238456,0.01609806571673135,0.26559820853163113,0.004194128220491312
FC Viktoria K ln,CB short in box → GK | build via right,10,3,0.2,0.02934951146122681,0,0.4,0.1,0.15238095238095237,0.0,0.0,0.02934951146122681,73.38410000000113,1,0.08686125139090987,0.01116472406869376,0.0012336620845741712,0.06855179292535482,0.45923128636183375,0.0029958058717795086
Eintracht Braunschweig,CB short in box → GK | build via left,8,3,0.375,0.03176895586723549,0,0.375,0.125,0.266304347826087,0.0,0.0,0.03176895586723549,42.99099999999999,1,0.10412187643181899,0.010914517899032047,0.0006913658565559979,0.16115994929027644,0.652029352995119,0.002396644697423607
Hannover 96,CB short in box → GK | build via left,8,2,0.125,0.030137743126874103,0,0.125,0.25,0.0402542372881356,0.015243467429004925,0.125,0.014894275697869178,30.44309999999996,1,0.07471011172593664,0.010722610517813059,-0.0012938906339576863,0.02839608135329466,0.41117182550289144,0.002396644697423607
VfB Stuttgart II,CB short in box → GK | build via right,11,2,0.18181818181818182,0.024819347445691385,1,0.2727272727272727,0.18181818181818182,0.1383399209486166,0.017165952068116563,0.09090909090909091,0.0076533953775748224,44.41305,1,0.08563785348399565,0.010718991438012682,-0.0017317101343486345,0.06210964564779159,0.4271660560965143,0.0032953864589574597
FC Schalke 04,GK long → opp half (centre) | direct,8,2,0.125,0.029041024266961077,0,0.125,0.0,0.09797297297297297,0.0,0.0,0.029041024266961077,16.083999999998923,1,0.07471011172593664,0.010593584769587997,0.00037043272711194885,0.02839608135329466,0.41117182550289144,0.002396644697423607
Preu en M nster,GK long → opp half (left) | direct,31,5,0.16129032258064516,0.014535125281723104,1,0.2903225806451613,0.03225806451612903,0.036290322580645164,0.008511604975317357,0.06451612903225806,0.0060235203064057455,32.370999999999185,1,0.09978338019080979,0.010314554438788039,-0.00022428174937909863,0.08078061870316906,0.29618536883170044,0.009286998202516477
Willem II Tilburg,GK long → opp half (left) | direct,11,2,0.09090909090909091,0.021523070529033572,0,0.09090909090909091,0.0,0.015151515151515148,0.0,0.0,0.021523070529033572,11.69210000000021,1,0.07155334644174213,0.010208300648107951,0.00041711277644074934,0.020547191664965797,0.3228072820062846,0.0032953864589574597
SC Telstar,GK long → opp half (centre) | direct,10,1,0.1,0.022631932401515155,0,0.2,0.0,0.013793103448275851,0.0030747060300181485,0.1,0.019557226371497004,35.77510000000075,1,0.07257553710519558,0.010205069917306383,-0.00016523578538722914,0.022632329840006293,0.34774510920957846,0.0029958058717795086
FC Groningen,GK long → opp half (centre) | direct,13,2,0.15384615384615385,0.019074219406531225,1,0.23076923076923078,0.0,0.06125356125356127,0.0,0.0,0.019074219406531225,6.096099999999751,1,0.08329161092279029,0.010082197568235631,0.0005592614190798607,0.052285727633513246,0.3746857689736805,0.0038945476333133613
VfL Wolfsburg,CB short in box → GK | build via centre,10,2,0.2,0.01565584228972202,0,0.5,0.1,0.09473684210526316,0.0,0.0,0.01565584228972202,46.178099999999574,1,0.08686125139090987,0.009208485615621648,-0.0007225763684979411,0.06855179292535482,0.45923128636183375,0.0029958058717795086
SV Waldhof Mannheim,GK long → opp half (centre) | direct,8,2,0.25,0.017249854099029654,0,0.25,0.0,0.14285714285714288,0.0,0.0,0.017249854099029654,65.35299999999992,1,0.0894159940788778,0.009206388279243125,-0.0010167637632329243,0.0865070033792796,0.5398716011915111,0.002396644697423607
VfL Osnabr ck,CB short in box → GK | then long by GK (right),8,2,0.25,0.0160253081714906,0,0.375,0.0,0.1693548387096774,0.1268122795533866,0.25,-0.11078697138189599,55.58749999999998,1,0.0894159940788778,0.009062324052473824,-0.01607991970216535,0.0865070033792796,0.5398716011915111,0.002396644697423607
Arminia Bielefeld,GK long → opp half (centre) | direct,10,1,0.1,0.0127339245368425,1,0.4,0.0,0.014285714285714282,0.0,0.0,0.0127339245368425,6.4500000000000455,1,0.07257553710519558,0.008791068793781718,-0.0011399931903378728,0.022632329840006293,0.34774510920957846,0.0029958058717795086
Fortuna Sittard,GK long → opp half (left) | direct,15,1,0.06666666666666667,0.00954030278808821,0,0.06666666666666667,0.0,0.027192982456140345,0.014657037143229782,0.13333333333333333,-0.005116734355141572,12.018999999998414,1,0.06773716796484922,0.008415201493568244,-0.003785197120255996,0.015014407954798678,0.2507722381162421,0.004493708807669263
VfL Osnabr ck,GK long → opp half (right) | direct,29,2,0.06896551724137931,0.008972155576561973,0,0.1724137931034483,0.06896551724137931,-0.011679644048943267,0.006658200642850517,0.06896551724137931,0.0023139549337114563,26.52605000000017,1,0.06831783817262574,0.008407057100186433,-0.0015734165799375715,0.023088650145534045,0.18841768027589212,0.008687837028160575
TSG 1899 Hoffenheim II,GK long → opp half (centre) | direct,8,1,0.125,0.010082419368494105,0,0.5,0.0,0.04303278688524591,0.013607269225268559,0.125,-0.0035248498567744535,6.871999999999389,1,0.07471011172593664,0.008363160663886001,-0.0034608465815628192,0.02839608135329466,0.41117182550289144,0.002396644697423607
FC Hansa Rostock,GK long → opp half (centre) | direct,12,1,0.08333333333333333,0.00913118548987212,0,0.3333333333333333,0.0,0.022108843537414973,0.0,0.0,0.00913118548987212,18.7791000000002,1,0.0705595499633846,0.008300136056593898,-0.0013550630946334813,0.018813908635430837,0.30119268730058857,0.0035949670461354103
1 FC Heidenheim 1846,GK long → opp half (left) | direct,11,1,0.09090909090909091,0.009050468811722485,0,0.36363636363636365,0.0,0.05387205387205388,0.0,0.0,0.009050468811722485,24.64699999999993,1,0.07155334644174213,0.008275925734158345,-0.0015152621375088557,0.020547191664965797,0.3228072820062846,0.0032953864589574597
SC Fortuna K ln,GK long → opp half (right) | direct,15,1,0.06666666666666667,0.008605694676133101,0,0.3333333333333333,0.0,-0.005797101449275367,0.009810586151920956,0.13333333333333333,-0.001204891475787854,6.207100000000082,1,0.06773716796484922,0.008228279871177222,-0.003002828544385252,0.015014407954798678,0.2507722381162421,0.004493708807669263
SC Telstar,GK long → opp half (left) | direct,14,2,0.14285714285714285,0.00782491038104205,0,0.2857142857142857,0.0,0.0566502463054187,0.0,0.0,0.00782491038104205,38.14400000000023,1,0.08216604861302286,0.008075463723390325,-0.0013187840994255053,0.04845454859434445,0.3529590132792909,0.004194128220491312
SV Wehen Wiesbaden,CB short in box → GK | then long by GK (centre),12,1,0.08333333333333333,0.007313027790423522,0,0.08333333333333333,0.0,-0.027777777777777776,0.009139418259885327,0.08333333333333333,-0.0018263904694618045,12.279099999999971,1,0.0705595499633846,0.007997109773352464,-0.003181325754522469,0.018813908635430837,0.30119268730058857,0.0035949670461354103
TSV Havelse,GK long → opp half (centre) | direct,14,1,0.07142857142857142,0.006941272858488176,0,0.2857142857142857,0.0,0.04017857142857143,0.010015982385471094,0.14285714285714285,-0.0030747095269829184,8.46810000000005,1,0.06865253509950935,0.007908289056961212,-0.003380874352295094,0.01609806571673135,0.26559820853163113,0.004194128220491312
Fortuna Sittard,CB short in box → GK | then long by GK (centre),8,1,0.125,0.003805656478590713,0,0.25,0.0,0.08552631578947369,0.0,0.0,0.003805656478590713,13.645000000000437,1,0.07471011172593664,0.007624717970956191,-0.0025984340715198588,0.02839608135329466,0.41117182550289144,0.002396644697423607
Rot-Weiss Essen,GK long → opp half (left) | direct,19,2,0.05263157894736842,0.004856967593664765,0,0.42105263157894735,0.0,0.028822055137844613,0.007025807022434494,0.05263157894736842,-0.0021688394287697286,16.396999999999935,1,0.06430743794131255,0.007345796892100327,-0.0031436293397303916,0.011829293381605516,0.2049780216380722,0.005692031156381066
FC Ingolstadt 04,GK long → opp half (left) | direct,10,1,0.1,0.00225698102783064,0,0.4,0.0,0.06825396825396826,0.01756162823554026,0.1,-0.015304647207709621,0.0300999999999476,1,0.07257553710519558,0.007294362578208594,-0.005145503439559604,0.022632329840006293,0.34774510920957846,0.0029958058717795086
1 FC Saarbr cken,GK long → opp half (right) | direct,8,0,0.0,0.0,0,0.625,0.0,-0.031746031746031744,0.034321370310402305,0.125,-0.034321370310402305,,1,0.06000422937299546,0.007176993679357283,-0.007083966634930802,0.0,0.25275720914158145,0.002396644697423607
Holstein Kiel,GK long → opp half (left) | direct,8,0,0.0,0.0,0,0.25,0.0,-0.041666666666666664,0.0,0.0,0.0,,1,0.06000422937299546,0.007176993679357283,-0.003046158363118766,0.0,0.25275720914158145,0.002396644697423607
SV Wehen Wiesbaden,GK long → opp half (centre) | direct,8,0,0.0,0.0,0,0.375,0.0,-0.1111111111111111,0.0,0.0,0.0,,1,0.06000422937299546,0.007176993679357283,-0.003046158363118766,0.0,0.25275720914158145,0.002396644697423607
SV Wehen Wiesbaden,GK long → opp half (right) | direct,8,0,0.0,0.0,0,0.25,0.0,-0.1111111111111111,0.0,0.0,0.0,,1,0.06000422937299546,0.007176993679357283,-0.003046158363118766,0.0,0.25275720914158145,0.002396644697423607
Borussia M nchengladbach,GK long → opp half (centre) | direct,8,0,0.0,0.0,0,0.125,0.125,-0.08,0.020879777156714185,0.25,-0.020879777156714185,,1,0.06000422937299546,0.007176993679357283,-0.005502602734496906,0.0,0.25275720914158145,0.002396644697423607
SSV Jahn Regensburg,GK long → opp half (centre) | direct,9,0,0.0,0.0,0,0.2222222222222222,0.0,0.0,0.029483674252001085,0.2222222222222222,-0.029483674252001085,,1,0.059134602860343354,0.007072979278207177,-0.006847707782030229,-1.3877787807814457e-17,0.23116514786189163,0.0026962252846015576
SC Verl,CB short in box → GK | build via right,9,0,0.0,0.0,0,0.3333333333333333,0.1111111111111111,-0.03225806451612903,0.016528550387415224,0.1111111111111111,-0.016528550387415224,,1,0.059134602860343354,0.007072979278207177,-0.005157909017084248,-1.3877787807814457e-17,0.23116514786189163,0.0026962252846015576
SC Verl,CB short in box → GK | build via left,9,0,0.0,0.0,0,0.1111111111111111,0.0,-0.03225806451612903,0.0038612558326833993,0.1111111111111111,-0.0038612558326833993,,1,0.059134602860343354,0.007072979278207177,-0.0035056532055974883,-1.3877787807814457e-17,0.23116514786189163,0.0026962252846015576
FC Augsburg,GK long → opp half (centre) | direct,9,0,0.0,0.0,0,0.0,0.0,-0.07894736842105263,0.0,0.0,0.0,,1,0.059134602860343354,0.007072979278207177,-0.003002011140464871,-1.3877787807814457e-17,0.23116514786189163,0.0026962252846015576
SV Darmstadt 98,GK long → opp half (centre) | direct,10,0,0.0,0.0,0,0.1,0.0,0.0,0.033681435998372325,0.2,-0.033681435998372325,,1,0.0582898228194813,0.0069719367170899315,-0.007770758981082847,0.0,0.21297179881198092,0.0029958058717795086
TSV Havelse,GK long → opp half (left) | direct,10,0,0.0,0.0,0,0.1,0.0,-0.03125,0.012530354636425201,0.1,-0.012530354636425201,,1,0.0582898228194813,0.0069719367170899315,-0.004749175929376116,0.0,0.21297179881198092,0.0029958058717795086
Fortuna D sseldorf,GK long → opp half (centre) | direct,10,0,0.0,0.0,0,0.4,0.1,-0.0784313725490196,0.016600826815877767,0.1,-0.016600826815877767,,1,0.0582898228194813,0.0069719367170899315,-0.005330671955012196,0.0,0.21297179881198092,0.0029958058717795086
FC Ingolstadt 04,GK long → opp half (centre) | direct,10,0,0.0,0.0,0,0.2,0.0,-0.031746031746031744,0.0,0.0,0.0,,1,0.0582898228194813,0.0069719367170899315,-0.0029591252670296583,0.0,0.21297179881198092,0.0029958058717795086
FC St Pauli,GK long → opp half (centre) | direct,10,0,0.0,0.0,0,0.5,0.0,-0.03773584905660377,0.0,0.0,0.0,,1,0.0582898228194813,0.0069719367170899315,-0.0029591252670296583,0.0,0.21297179881198092,0.0029958058717795086
PEC Zwolle,GK long → opp half (centre) | direct,10,0,0.0,0.0,0,0.2,0.0,-0.046875,0.042478449003409635,0.2,-0.042478449003409635,,1,0.0582898228194813,0.0069719367170899315,-0.009027475124659607,0.0,0.21297179881198092,0.0029958058717795086
PEC Zwolle,CB short in box → GK | build via left,10,0,0.0,0.0,0,0.3,0.1,-0.046875,0.009918964812580366,0.1,-0.009918964812580366,,1,0.0582898228194813,0.0069719367170899315,-0.004376120240255425,0.0,0.21297179881198092,0.0029958058717795086
FC Augsburg,GK long → opp half (right) | direct,11,0,0.0,0.0,0,0.09090909090909091,0.0,-0.07894736842105263,0.018969977646488043,0.18181818181818182,-0.018969977646488043,,1,0.05746883939948861,0.006873740425299933,-0.005856458067654149,0.0,0.19743324559819497,0.0032953864589574597
Borussia Dortmund,GK long → opp half (left) | direct,11,0,0.0,0.0,0,0.36363636363636365,0.0,-0.029411764705882356,0.010911348097448577,0.09090909090909091,-0.010911348097448577,,1,0.05746883939948861,0.006873740425299933,-0.004607937996676204,0.0,0.19743324559819497,0.0032953864589574597
FC Utrecht,GK long → opp half (centre) | direct,11,0,0.0,0.0,0,0.2727272727272727,0.0,-0.09090909090909091,0.0,0.0,0.0,,1,0.05746883939948861,0.006873740425299933,-0.0029174474463672688,0.0,0.19743324559819497,0.0032953864589574597
Fortuna Sittard,GK long → opp half (right) | direct,11,0,0.0,0.0,0,0.45454545454545453,0.0,-0.039473684210526314,0.030198712175886412,0.18181818181818182,-0.030198712175886412,,1,0.05746883939948861,0.006873740425299933,-0.007596121163758121,0.0,0.19743324559819497,0.0032953864589574597
FC Utrecht,GK long → opp half (right) | direct,11,0,0.0,0.0,0,0.18181818181818182,0.0,-0.09090909090909091,0.006180778670702799,0.09090909090909091,-0.006180778670702799,,1,0.05746883939948861,0.006873740425299933,-0.0038750328742226323,0.0,0.19743324559819497,0.0032953864589574597
FC Schalke 04,GK long → opp half (right) | direct,11,0,0.0,0.0,0,0.09090909090909091,0.0,-0.02702702702702703,0.0,0.0,0.0,,1,0.05746883939948861,0.006873740425299933,-0.0029174474463672688,0.0,0.19743324559819497,0.0032953864589574597
1 FC Heidenheim 1846,GK long → opp half (centre) | direct,12,0,0.0,0.0,0,0.16666666666666666,0.0,-0.037037037037037035,0.025481325234155656,0.25,-0.025481325234155656,,1,0.05667066107449571,0.006778271808281878,-0.007123814881971443,0.0,0.18400791512322331,0.0035949670461354103
FC Schalke 04,GK long → opp half (left) | direct,12,0,0.0,0.0,0,0.16666666666666666,0.08333333333333333,-0.02702702702702703,0.008579582712384718,0.16666666666666666,-0.008579582712384718,,1,0.05667066107449571,0.006778271808281878,-0.004306857795009621,0.0,0.18400791512322331,0.0035949670461354103
Willem II Tilburg,GK long → opp half (right) | direct,12,0,0.0,0.0,0,0.08333333333333333,0.0,-0.07575757575757576,0.039363352202984515,0.3333333333333333,-0.039363352202984515,,1,0.05667066107449571,0.006778271808281878,-0.00943748604344292,0.0,0.18400791512322331,0.0035949670461354103
SSV Jahn Regensburg,GK long → opp half (left) | direct,12,0,0.0,0.0,0,0.3333333333333333,0.0,0.0,0.007504533155092095,0.08333333333333333,-0.007504533155092095,,1,0.05667066107449571,0.006778271808281878,-0.004127682868794184,0.0,0.18400791512322331,0.0035949670461354103
FC Ingolstadt 04,GK long → opp half (right) | direct,13,0,0.0,0.0,0,0.23076923076923078,0.0,-0.031746031746031744,0.0,0.0,0.0,,1,0.05589435064881769,0.006685418769812264,-0.002837517379343508,-1.3877787807814457e-17,0.17229216176594653,0.0038945476333133613
Fortuna Sittard,GK long → opp half (centre) | direct,13,0,0.0,0.0,0,0.23076923076923078,0.0,-0.039473684210526314,0.039710546869155136,0.23076923076923078,-0.039710546869155136,,1,0.05589435064881769,0.006685418769812264,-0.00990925860261771,-1.3877787807814457e-17,0.17229216176594653,0.0038945476333133613
MSV Duisburg,GK long → opp half (left) | direct,14,0,0.0,0.0,0,0.6428571428571429,0.0,-0.025,0.007512092504512117,0.07142857142857142,-0.007512092504512117,,1,0.055139021585995825,0.006595075272922909,-0.004220379239935753,0.0,0.16197898662308957,0.004194128220491312
SV Waldhof Mannheim,GK long → opp half (right) | direct,15,0,0.0,0.0,0,0.2,0.06666666666666667,-0.10714285714285714,0.040698269568425025,0.26666666666666666,-0.040698269568425025,,1,0.05440383463151588,0.006507140935950603,-0.010901504162912684,0.0,0.15283074546658554,0.004493708807669263
Sparta Rotterdam,GK long → opp half (centre) | direct,17,0,0.0,0.0,0,0.11764705882352941,0.0,-0.03508771929824561,0.0032039445117893572,0.058823529411764705,-0.0032039445117893572,,1,0.052990748017710275,0.006338124288263574,-0.0033974782518505866,0.0,0.1373196776112889,0.005092869982025165
Excelsior Rotterdam,GK long → opp half (right) | direct,38,0,0.0,0.0,0,0.15789473684210525,0.0,-0.03333333333333333,0.007038325523764166,0.05263157894736842,-0.007038325523764166,,1,0.04163558772820093,0.00497995479792138,-0.004842807536684841,0.0,0.0664772598159609,0.011384062312762133
