squad,team_name
27,1 FC Köln
28,Hertha BSC
29,Borussia Dortmund
30,VfL Wolfsburg
31,TSG 1899 Hoffenheim
32,Borussia Mönchengladbach
33,FC Bayern München
34,SC Freiburg
35,Eintracht Frankfurt
36,SV Darmstadt 98
37,RasenBallsport Leipzig
38,SV Werder Bremen
39,FC Augsburg
40,Hamburger SV
41,Bayer 04 Leverkusen
42,1 FSV Mainz 05
43,FC Ingolstadt 04
44,FC Schalke 04
45,Hannover 96
46,VfB Stuttgart
229,PSV Eindhoven
378,Ajax Amsterdam
390,AZ Alkmaar
405,Feyenoord Rotterdam
412,1 FC Kaiserslautern
415,Rot-Weiss Essen
416,VfL Bochum
417,Arminia Bielefeld
420,SC Paderborn 07
423,SG Dynamo Dresden
424,SSV Jahn Regensburg
426,FC Viktoria Köln
429,FC Hansa Rostock
432,1 FC Heidenheim 1846
438,Karlsruher SC
439,FC St Pauli
440,SpVgg Greuther Fürth
445,Fortuna Düsseldorf
446,1 FC Union Berlin
447,Würzburger Kickers
451,Eintracht Braunschweig
452,1 FC Magdeburg
453,1 FC Nürnberg
455,MSV Duisburg
803,FC Groningen
804,Willem II Tilburg
805,Sparta Rotterdam
806,PEC Zwolle
807,Go Ahead Eagles Deventer
809,ADO Den Haag
810,FC Twente Enschede
812,FC Utrecht
813,SC Heerenveen
814,NEC Nijmegen
815,Excelsior Rotterdam
847,Holstein Kiel
851,1 FC Saarbrücken
852,VfL Osnabrück
858,FC Energie Cottbus
864,SV Wehen Wiesbaden
1697,Fortuna Sittard
1708,SV Meppen
1709,SC Fortuna Köln
1710,Preußen Münster
1711,SG Sonnenhof Großaspach
1719,SV 07 Elversberg
1915,SV Waldhof Mannheim
1926,SC Verl
1927,Alemannia Aachen
2422,TSV Havelse
2678,SC Cambuur Leeuwarden
2685,SC Telstar
4557,VfB Stuttgart II
4560,TSG 1899 Hoffenheim II
