match_file,squad_id,team_name,player_id,player_name,player_position,period_id,time_seconds,x,y,distance,angle,action_type_raw,phase_raw,body_part_raw,is_goal,is_post,is_on_target,is_blocked,is_penalty,is_assisted,shot_assist_player_name,assist_pxt,score_diff,xg,psxg,situation_danger,p_on_target,xgot,multi_miss,multi_post,multi_save,multi_goal,danger_score
2026-09-19_Ajax_Amsterdam_vs_Excelsior_Rotterdam_279641.json,815,815,65866,Casper Widell,CENTRAL_DEFENDER,1,1180.104,49.8,-9.5,9.876234100101112,13.218140751101092,HEADER,SET_PIECE,HEAD,0,0,1,0,0,0,,0.0,0.0,0.022153528407216072,0.060288336127996445,0.07446808367967606,0.3439610004425049,0.15537849068641663,0.5371463894844055,0.02568693459033966,0.41421520709991455,0.022951466962695122,0.13124988786876202
2026-09-19_Ajax_Amsterdam_vs_Excelsior_Rotterdam_279641.json,815,815,148340,Aymen Sliti,RIGHT_WINGER,1,1321.983,48.9,-10.3,10.9110036201992,14.004798847500881,MID_RANGE_SHOT,IN_POSSESSION,FOOT_RIGHT,0,0,0,0,0,0,,0.0,0.0,0.13398940861225128,0.0010000000474974513,0.20042644441127777,0.6155440211296082,0.0010000000474974513,0.26042553782463074,0.023988839238882065,0.5910367369651794,0.12454884499311447,0.19039197484962642
2026-09-19_Ajax_Amsterdam_vs_Excelsior_Rotterdam_279641.json,378,378,115309,Oscar Gloukh,LEFT_WINGER,1,1365.851,34.8,6.3,18.787761974221414,20.883701542246364,MID_RANGE_SHOT,IN_POSSESSION,FOOT_LEFT,0,0,1,0,0,0,,0.0,0.0,0.06027987226843834,0.1181640625,0.046181172132492065,0.25928041338920593,0.20606060326099396,0.32248103618621826,0.00923210009932518,0.6086223721504211,0.05966450646519661,0.13799322471022607
2026-09-19_Ajax_Amsterdam_vs_Excelsior_Rotterdam_279641.json,378,378,7826,Kasper Dolberg,CENTER_FORWARD,1,1405.103,35.4,-5.2,17.87316424139833,22.243879991235328,MID_RANGE_SHOT,IN_POSSESSION,FOOT_RIGHT,0,0,0,1,0,0,,0.0,0.0,0.060972876846790314,0.060288336127996445,0.046181172132492065,0.26966291666030884,0.060288336127996445,0.3149968981742859,0.008524788543581963,0.6044323444366455,0.0720459371805191,0.09947872757911683
2026-09-19_Ajax_Amsterdam_vs_Excelsior_Rotterdam_279641.json,378,378,7826,Kasper Dolberg,CENTER_FORWARD,1,1530.207,40.6,-13.1,17.69802248840248,16.200169085674133,MID_RANGE_SHOT,IN_POSSESSION,FOOT_RIGHT,0,1,0,0,0,0,,0.0,0.0,0.1142222210764885,0.0010000000474974513,0.16929930448532104,0.5147247314453125,0.0010000000474974513,0.3154298961162567,0.020821502432227135,0.5461601614952087,0.11758840829133987,0.1600492514204234
2026-09-19_Ajax_Amsterdam_vs_Excelsior_Rotterdam_279641.json,378,378,115309,Oscar Gloukh,LEFT_WINGER,1,1599.661,37.0,-1.9,15.616017418023073,26.2114986994661,MID_RANGE_SHOT,ATTACKING_TRANSITION,FOOT_RIGHT,0,0,0,1,0,0,,0.0,0.0,0.23542600870132446,0.5548489689826965,0.20042644441127777,0.6237623691558838,0.5548489689826965,0.1963367760181427,0.012976757250726223,0.5268187522888184,0.2638677656650543,0.4338625520467758
2026-09-19_Ajax_Amsterdam_vs_Excelsior_Rotterdam_279641.json,378,378,1062,Thilo Kehrer,CENTRAL_DEFENDER,1,1633.084,45.8,-1.9,6.964194138592062,54.40591322103686,HEADER,SET_PIECE,HEAD,0,0,1,0,0,0,,0.0,0.0,0.10038910806179047,0.04148229956626892,0.09166666865348816,0.28482696413993835,0.07743363082408905,0.6034176349639893,0.023603927344083786,0.268186092376709,0.10479231923818588,0.119159734249115
2026-09-19_Ajax_Amsterdam_vs_Excelsior_Rotterdam_279641.json,378,378,179913,Jorthy Mokio,DEFENSE_MIDFIELD,1,1634.328,47.5,-1.4,5.192301994298868,69.66468867641993,CLOSE_RANGE_SHOT,SET_PIECE,FOOT_RIGHT,0,0,0,0,0,0,,0.0,0.0,0.22448979318141937,0.0010000000474974513,0.16929930448532104,0.41386666893959045,0.0010000000474974513,0.4174966812133789,0.017222190275788307,0.3441718518733978,0.22110925614833832,0.16193115334026514
2026-09-19_Ajax_Amsterdam_vs_Excelsior_Rotterdam_279641.json,378,378,113440,Anton Gaaei,RIGHT_WINGBACK_DEFENDER,1,1691.543,30.8,2.4,21.83231549790356,18.926184948858918,MID_RANGE_SHOT,SET_PIECE,FOOT_RIGHT,0,0,0,0,0,0,,0.0,0.0,0.022153528407216072,0.00128369708545506,0.027689874172210693,0.10218977928161621,0.00128369708545506,0.5849286317825317,0.007246013265103102,0.38139018416404724,0.026435116305947304,0.030920115206390618
2026-09-19_Ajax_Amsterdam_vs_Excelsior_Rotterdam_279641.json,378,378,7826,Kasper Dolberg,CENTER_FORWARD,1,1692.255,47.3,5.4,7.496665925596527,41.645235207436436,HEADER,SET_PIECE,HEAD,0,0,0,0,0,0,,0.0,0.0,0.1793680340051651,0.0010000000474974513,0.2405892014503479,0.4409448802471161,0.0010000000474974513,0.4517535865306854,0.030028527602553368,0.3305242955684662,0.18769358098506927,0.1725804231595248
2026-09-19_Ajax_Amsterdam_vs_Excelsior_Rotterdam_279641.json,378,378,824,Julian Brandt,CENTRAL_MIDFIELD,1,1908.147,40.3,2.3,12.414910390333072,32.39745573840929,MID_RANGE_SHOT,IN_POSSESSION,FOOT_RIGHT,1,0,1,0,0,1,Kasper Dolberg,0.040514,0.0,0.1793680340051651,0.4682926833629608,0.10218977928161621,0.33692529797554016,0.75,0.3576480448246002,0.01940404623746872,0.4530515968799591,0.16989636421203613,0.36735515892505644
2026-09-19_Ajax_Amsterdam_vs_Excelsior_Rotterdam_279641.json,378,378,824,Julian Brandt,CENTRAL_MIDFIELD,1,2137.414,37.4,3.8,15.570806016388492,25.759998025798343,MID_RANGE_SHOT,IN_POSSESSION,FOOT_LEFT,0,0,0,0,0,1,Anton Gaaei,0.016746,1.0,0.07888040691614151,0.0010000000474974513,0.07446808367967606,0.3439610004425049,0.0010000000474974513,0.3633558452129364,0.012647664174437523,0.5456940531730652,0.07830239087343216,0.09986189822666347
2026-09-19_Ajax_Amsterdam_vs_Excelsior_Rotterdam_279641.json,378,378,113440,Anton Gaaei,RIGHT_WINGBACK_DEFENDER,1,2481.049,32.9,-13.4,23.742788378789886,14.612014061215726,LONG_RANGE_SHOT,ATTACKING_TRANSITION,FOOT_LEFT,0,0,0,0,0,0,,0.0,1.0,0.019607843831181526,0.0010000000474974513,0.01825842633843422,0.2232804298400879,0.0010000000474974513,0.41746985912323,0.009592521004378796,0.5508337616920471,0.02210383303463459,0.052629340020939705
2026-09-19_Ajax_Amsterdam_vs_Excelsior_Rotterdam_279641.json,378,378,3022,Davy Klaassen,CENTRAL_MIDFIELD,1,2648.096,41.8,4.7,11.686744627996287,32.44931310769761,MID_RANGE_SHOT,IN_POSSESSION,FOOT_RIGHT,0,0,0,1,0,1,Owen Wijndal,0.016746,1.0,0.0709269642829895,0.0010000000474974513,0.0527617484331131,0.26966291666030884,0.0010000000474974513,0.4817314147949219,0.00949697196483612,0.4288964569568634,0.07987517863512039,0.07907032589428127
2026-09-19_Ajax_Amsterdam_vs_Excelsior_Rotterdam_279641.json,815,815,103783,Lennard Hartjes,CENTRAL_MIDFIELD,1,2719.067,42.4,3.4,10.656922632730334,36.42854485488766,MID_RANGE_SHOT,SECOND_BALL,FOOT_RIGHT,1,0,1,0,0,0,,0.0,-1.0,0.1876310259103775,0.5548489689826965,0.10364145785570145,0.3889124095439911,0.6774193644523621,0.27074190974235535,0.013042124919593334,0.5233561396598816,0.19285987317562103,0.3824906453490257
2026-09-19_Ajax_Amsterdam_vs_Excelsior_Rotterdam_279641.json,378,378,115309,Oscar Gloukh,LEFT_WINGER,2,10288.524,32.5,9.1,21.972937900972642,17.32154885605185,LONG_RANGE_SHOT,ATTACKING_TRANSITION,FOOT_RIGHT,0,0,1,0,0,0,,0.0,0.0,0.03378378227353096,0.10223641991615295,0.026589594781398773,0.26966291666030884,0.21354933083057404,0.3862737715244293,0.012445108033716679,0.5640755891799927,0.037205569446086884,0.1291644088923931
2026-09-19_Ajax_Amsterdam_vs_Excelsior_Rotterdam_279641.json,378,378,113440,Anton Gaaei,RIGHT_WINGBACK_DEFENDER,2,10391.956,45.8,-11.6,13.395894893585872,16.45445253908384,MID_RANGE_SHOT,IN_POSSESSION,FOOT_RIGHT,0,0,0,0,0,1,Owen Wijndal,0.014268,0.0,0.06027987226843834,0.0010000000474974513,0.07446808367967606,0.36482757329940796,0.0010000000474974513,0.4240085482597351,0.02237183041870594,0.4944085478782654,0.059211086481809616,0.10031510586850345
2026-09-19_Ajax_Amsterdam_vs_Excelsior_Rotterdam_279641.json,378,378,5667,Viktor Tsygankov,RIGHT_WINGER,2,10535.037,32.3,-9.3,22.238030488332374,17.083433435397843,LONG_RANGE_SHOT,IN_POSSESSION,FOOT_LEFT,0,0,0,0,0,0,,0.0,0.0,0.028286190703511238,0.0010000000474974513,0.02294854074716568,0.2460317462682724,0.0010000000474974513,0.41204696893692017,0.01030249148607254,0.5448983907699585,0.0327521488070488,0.059853295562788844
2026-09-19_Ajax_Amsterdam_vs_Excelsior_Rotterdam_279641.json,378,378,113440,Anton Gaaei,RIGHT_WINGBACK_DEFENDER,2,10728.139,32.8,-12.1,23.119256043393786,15.46823842163614,LONG_RANGE_SHOT,IN_POSSESSION,FOOT_RIGHT,0,0,0,0,0,0,,0.0,0.0,0.06027987226843834,0.0010000000474974513,0.03882279247045517,0.3439610004425049,0.0010000000474974513,0.4031780958175659,0.016667785122990608,0.5303857922554016,0.04976833611726761,0.08901273305527865
2026-09-19_Ajax_Amsterdam_vs_Excelsior_Rotterdam_279641.json,815,815,148340,Aymen Sliti,RIGHT_WINGER,2,11006.228,48.9,-5.4,6.489992295835181,42.53352557282364,CLOSE_RANGE_SHOT,ATTACKING_TRANSITION,FOOT_RIGHT,1,0,1,0,0,1,Irakli Yegoian,0.016178,0.0,0.2717733383178711,0.361921101808548,0.3858024775981903,0.5607476830482483,0.4545454680919647,0.39787477254867554,0.025889018550515175,0.2759166955947876,0.30031946301460266,0.4069580137729645
2026-09-19_Ajax_Amsterdam_vs_Excelsior_Rotterdam_279641.json,378,378,67656,Tolu Arokodare,CENTER_FORWARD,2,11125.472,47.7,4.8,6.788225099390854,47.070250221967754,CLOSE_RANGE_SHOT,SECOND_BALL,FOOT_RIGHT,1,0,1,0,0,1,Oscar Gloukh,0.022565,-1.0,0.17177914083003998,0.361921101808548,0.14401859045028687,0.31574538350105286,0.37916064262390137,0.512811005115509,0.02951560914516449,0.31120362877845764,0.14646977186203003,0.2745249718427658
2026-09-19_Ajax_Amsterdam_vs_Excelsior_Rotterdam_279641.json,378,378,113440,Anton Gaaei,RIGHT_WINGBACK_DEFENDER,2,11272.637,34.0,-10.1,21.077476129745705,17.447850943187536,MID_RANGE_SHOT,IN_POSSESSION,FOOT_RIGHT,0,0,1,0,0,1,Julian Brandt,0.023612,0.0,0.03880157321691513,0.016129031777381897,0.046181172132492065,0.22271715104579926,0.0458715595304966,0.4368821978569031,0.015599079430103302,0.5055465698242188,0.041972123086452484,0.07394009754061699
2026-09-19_Ajax_Amsterdam_vs_Excelsior_Rotterdam_279641.json,378,378,67656,Tolu Arokodare,CENTER_FORWARD,2,11290.642,45.9,-1.8,6.84105255059483,55.33882801412439,HEADER,SET_PIECE,HEAD,0,0,0,0,0,1,Owen Wijndal,0.01257,0.0,0.09328357875347137,0.032786883413791656,0.06320907920598984,0.33692529797554016,0.032786883413791656,0.5525442361831665,0.034067798405885696,0.29922547936439514,0.11416248977184296,0.11179834455251694
2026-09-19_Ajax_Amsterdam_vs_Excelsior_Rotterdam_279641.json,378,378,115309,Oscar Gloukh,LEFT_WINGER,2,11416.504,36.7,16.8,23.062523712724936,12.57484393236822,LONG_RANGE_SHOT,IN_POSSESSION,FOOT_RIGHT,0,1,0,0,0,0,,0.0,0.0,0.03378378227353096,0.00128369708545506,0.026589594781398773,0.28482696413993835,0.00128369708545506,0.39051878452301025,0.008431334048509598,0.5650485157966614,0.03600137308239937,0.06955354707315564
2026-09-19_Ajax_Amsterdam_vs_Excelsior_Rotterdam_279641.json,378,378,67656,Tolu Arokodare,CENTER_FORWARD,2,11757.449,42.9,1.5,9.716480844420989,40.93841310652672,HEADER,SET_PIECE,HEAD,0,0,0,0,0,0,,0.0,0.0,0.060972876846790314,0.04148229956626892,0.08732157945632935,0.26966291666030884,0.04148229956626892,0.6179266571998596,0.016647903248667717,0.30540841817855835,0.06001706048846245,0.10018439441919327
2026-09-19_Ajax_Amsterdam_vs_Excelsior_Rotterdam_279641.json,378,378,67656,Tolu Arokodare,CENTER_FORWARD,2,11759.085,48.8,-0.6,3.748332962798265,88.61589631079731,CLOSE_RANGE_SHOT,SET_PIECE,FOOT_RIGHT,0,0,0,0,0,0,,0.0,0.0,0.2717733383178711,0.00128369708545506,0.16929930448532104,0.4806492030620575,0.00128369708545506,0.3694160580635071,0.019395392388105392,0.33330076932907104,0.2778877913951874,0.18485784800723196
2026-09-19_Ajax_Amsterdam_vs_Excelsior_Rotterdam_279641.json,378,378,115309,Oscar Gloukh,LEFT_WINGER,2,11958.559,39.3,13.7,19.024457942343588,15.49494049621231,MID_RANGE_SHOT,ATTACKING_TRANSITION,FOOT_RIGHT,0,0,1,0,0,0,,0.0,0.0,0.046042002737522125,0.13989637792110443,0.0527617484331131,0.28482696413993835,0.2906574308872223,0.33480218052864075,0.013639320619404316,0.6017879247665405,0.04977061599493027,0.16283690482378005
2026-09-19_Ajax_Amsterdam_vs_Excelsior_Rotterdam_279641.json,378,378,200613,Abdellah Ouazane,CENTRAL_MIDFIELD,2,11999.343,35.4,-2.2,17.240939649566666,23.79616281624952,MID_RANGE_SHOT,ATTACKING_TRANSITION,FOOT_RIGHT,0,0,0,0,0,0,,0.0,0.0,0.046042002737522125,0.0010000000474974513,0.03882279247045517,0.2232804298400879,0.0010000000474974513,0.30704739689826965,0.008136452175676823,0.639229416847229,0.0455867238342762,0.06202904502861202
2026-09-19_Ajax_Amsterdam_vs_Excelsior_Rotterdam_279641.json,378,378,200613,Abdellah Ouazane,CENTRAL_MIDFIELD,2,12056.52,39.9,4.8,13.48332303254654,28.70871191755179,MID_RANGE_SHOT,IN_POSSESSION,FOOT_RIGHT,0,0,1,0,0,0,,0.0,0.0,0.13398940861225128,0.29629629850387573,0.10218977928161621,0.36482757329940796,0.5269709825515747,0.2690091133117676,0.013905331492424011,0.5781314969062805,0.1389540284872055,0.2848548084497452
2026-09-19_Ajax_Amsterdam_vs_Excelsior_Rotterdam_279641.json,378,378,67656,Tolu Arokodare,CENTER_FORWARD,2,12106.251,43.7,1.8,8.982204629154245,43.75231028200195,HEADER,IN_POSSESSION,HEAD,0,0,1,0,0,1,Anton Gaaei,0.008912,0.0,0.0709269642829895,0.027243589982390404,0.08732157945632935,0.36482757329940796,0.03254437819123268,0.5627279281616211,0.01523755956441164,0.3406684100627899,0.08136612176895142,0.11657281704246998
2026-09-19_Ajax_Amsterdam_vs_Excelsior_Rotterdam_279641.json,378,378,66738,Oliver Edvardsen,RIGHT_WINGER,2,12201.996,48.6,-5.1,6.4202803677098075,45.73541217467496,CLOSE_RANGE_SHOT,IN_POSSESSION,FOOT_RIGHT,0,0,0,0,0,1,Abdellah Ouazane,0.008912,0.0,0.1876310259103775,0.0010000000474974513,0.16929930448532104,0.36482757329940796,0.0010000000474974513,0.49164631962776184,0.021924233064055443,0.29527488350868225,0.19115452468395233,0.14475158075802028
2026-09-19_Ajax_Amsterdam_vs_Excelsior_Rotterdam_279641.json,378,378,115309,Oscar Gloukh,LEFT_WINGER,2,12414.98,42.3,8.4,13.213629327327148,24.85185201308647,MID_RANGE_SHOT,IN_POSSESSION,FOOT_RIGHT,0,0,0,1,0,0,,0.0,0.0,0.09328357875347137,0.04148229956626892,0.06320907920598984,0.26966291666030884,0.04148229956626892,0.27415168285369873,0.014490864239633083,0.6126804947853088,0.09867697954177856,0.10182403475046158
2026-09-19_Ajax_Amsterdam_vs_Excelsior_Rotterdam_279641.json,378,378,67656,Tolu Arokodare,CENTER_FORWARD,2,12477.997,48.5,3.2,5.122499389946279,66.31414643408436,HEADER,SET_PIECE,HEAD,0,1,0,0,0,0,,0.0,0.0,0.2717733383178711,0.0010000000474974513,0.2278480976819992,0.3889124095439911,0.0010000000474974513,0.49057093262672424,0.04295060411095619,0.2112632691860199,0.25521522760391235,0.17810676912777126
2026-09-19_Ajax_Amsterdam_vs_Excelsior_Rotterdam_279641.json,378,378,67656,Tolu Arokodare,CENTER_FORWARD,2,12611.991,42.7,10.1,14.073023839957067,21.230545971048,HEADER,SET_PIECE,HEAD,0,0,0,0,0,1,Oliver Edvardsen,0.02987,0.0,0.018984729424118996,0.0010000000474974513,0.026589594781398773,0.33692529797554016,0.0010000000474974513,0.5227003693580627,0.012001550756394863,0.44761359691619873,0.017684511840343475,0.07689992445521057
2026-09-19_Ajax_Amsterdam_vs_Excelsior_Rotterdam_279641.json,378,378,67656,Tolu Arokodare,CENTER_FORWARD,2,12757.899,42.4,-4.4,11.01680534456337,34.4001392066929,MID_RANGE_SHOT,ATTACKING_TRANSITION,FOOT_LEFT,0,0,0,0,0,1,Oscar Gloukh,0.022565,0.0,0.10038910806179047,0.0010000000474974513,0.06320907920598984,0.28482696413993835,0.0010000000474974513,0.4201964735984802,0.014284616336226463,0.45887982845306396,0.10663905739784241,0.09008503030054271
2026-09-19_Ajax_Amsterdam_vs_Excelsior_Rotterdam_279641.json,378,378,115309,Oscar Gloukh,LEFT_WINGER,2,12927.788,41.6,11.8,16.0639347608237,18.06245988343269,MID_RANGE_SHOT,SET_PIECE,FOOT_RIGHT,0,0,0,0,0,0,,0.0,0.0,0.03880157321691513,0.0010000000474974513,0.03882279247045517,0.2147621214389801,0.0010000000474974513,0.3751320242881775,0.01222339365631342,0.5674483776092529,0.045196183025836945,0.05887729744426906
